"id","scan_number","advertised_device","advertised_channel","rssi","date","location"
"5621","1000","beacon12","39","-86","2023-04-15 22:02:20","c1"
"5622","1000","beacon20","37","-90","2023-04-15 22:02:20","c1"
"5623","1000","beacon11","37","-97","2023-04-15 22:02:22","c1"
"5624","1000","beacon13","38","-100","2023-04-15 22:02:23","c1"
"5625","1001","beacon12","39","-82","2023-04-15 22:02:26","c1"
"5626","1001","beacon11","38","-94","2023-04-15 22:02:26","c1"
"5627","1001","beacon13","37","-97","2023-04-15 22:02:26","c1"
"5628","1001","beacon20","37","-95","2023-04-15 22:02:26","c1"
"5629","1002","beacon13","37","-99","2023-04-15 22:02:32","c1"
"5630","1002","beacon12","37","-79","2023-04-15 22:02:32","c1"
"5631","1002","beacon20","37","-98","2023-04-15 22:02:32","c1"
"5632","1002","beacon11","37","-96","2023-04-15 22:02:33","c1"
"5633","1003","beacon13","37","-97","2023-04-15 22:02:38","c1"
"5634","1003","beacon11","38","-91","2023-04-15 22:02:38","c1"
"5635","1003","beacon12","37","-81","2023-04-15 22:02:38","c1"
"5636","1003","beacon20","38","-97","2023-04-15 22:02:39","c1"
"5637","1003","beacon14","38","-100","2023-04-15 22:02:41","c1"
"5638","1004","beacon12","39","-86","2023-04-15 22:02:44","c1"
"5639","1004","beacon13","37","-96","2023-04-15 22:02:44","c1"
"5640","1004","beacon11","38","-94","2023-04-15 22:02:44","c1"
"5641","1004","beacon20","37","-100","2023-04-15 22:02:45","c1"
"5642","1005","beacon12","38","-94","2023-04-15 22:03:12","c2"
"5643","1005","beacon20","38","-87","2023-04-15 22:03:12","c2"
"5644","1005","beacon14","37","-96","2023-04-15 22:03:12","c2"
"5645","1005","beacon13","37","-98","2023-04-15 22:03:12","c2"
"5646","1005","beacon19","38","-100","2023-04-15 22:03:14","c2"
"5647","1005","beacon11","37","-100","2023-04-15 22:03:15","c2"
"5648","1006","beacon20","38","-91","2023-04-15 22:03:18","c2"
"5649","1006","beacon12","38","-91","2023-04-15 22:03:18","c2"
"5650","1006","beacon14","37","-98","2023-04-15 22:03:18","c2"
"5651","1006","beacon11","37","-101","2023-04-15 22:03:18","c2"
"5652","1006","beacon13","38","-96","2023-04-15 22:03:19","c2"
"5653","1006","beacon19","38","-98","2023-04-15 22:03:21","c2"
"5654","1007","beacon14","37","-99","2023-04-15 22:03:24","c2"
"5655","1007","beacon13","37","-96","2023-04-15 22:03:24","c2"
"5656","1007","beacon11","38","-101","2023-04-15 22:03:24","c2"
"5657","1007","beacon12","37","-82","2023-04-15 22:03:25","c2"
"5658","1007","beacon20","37","-101","2023-04-15 22:03:25","c2"
"5659","1008","beacon11","37","-96","2023-04-15 22:03:30","c2"
"5660","1008","beacon13","37","-97","2023-04-15 22:03:30","c2"
"5661","1008","beacon12","39","-78","2023-04-15 22:03:30","c2"
"5662","1008","beacon20","37","-87","2023-04-15 22:03:31","c2"
"5663","1008","beacon14","37","-97","2023-04-15 22:03:32","c2"
"5664","1009","beacon12","38","-86","2023-04-15 22:03:36","c2"
"5665","1009","beacon20","38","-92","2023-04-15 22:03:36","c2"
"5666","1009","beacon13","37","-94","2023-04-15 22:03:36","c2"
"5667","1009","beacon11","37","-96","2023-04-15 22:03:37","c2"
"5668","1010","beacon20","37","-95","2023-04-15 22:04:04","c3"
"5669","1010","beacon14","38","-99","2023-04-15 22:04:04","c3"
"5670","1010","beacon11","37","-95","2023-04-15 22:04:04","c3"
"5671","1010","beacon12","38","-95","2023-04-15 22:04:04","c3"
"5672","1010","beacon11","38","-96","2023-04-15 22:04:05","c3"
"5673","1010","beacon12","37","-90","2023-04-15 22:04:05","c3"
"5674","1010","beacon20","37","-91","2023-04-15 22:04:05","c3"
"5675","1010","beacon14","38","-96","2023-04-15 22:04:07","c3"
"5676","1010","beacon13","38","-98","2023-04-15 22:04:07","c3"
"5677","1011","beacon12","37","-88","2023-04-15 22:04:10","c3"
"5678","1011","beacon20","37","-96","2023-04-15 22:04:10","c3"
"5679","1011","beacon11","37","-93","2023-04-15 22:04:11","c3"
"5680","1011","beacon13","37","-95","2023-04-15 22:04:11","c3"
"5681","1012","beacon14","38","-100","2023-04-15 22:04:16","c3"
"5682","1012","beacon12","38","-88","2023-04-15 22:04:16","c3"
"5683","1012","beacon20","38","-96","2023-04-15 22:04:16","c3"
"5684","1012","beacon13","38","-100","2023-04-15 22:04:17","c3"
"5685","1012","beacon11","37","-97","2023-04-15 22:04:18","c3"
"5686","1013","beacon12","38","-94","2023-04-15 22:04:23","c3"
"5687","1013","beacon11","38","-95","2023-04-15 22:04:23","c3"
"5688","1013","beacon13","38","-97","2023-04-15 22:04:23","c3"
"5689","1013","beacon20","37","-103","2023-04-15 22:04:24","c3"
"5690","1013","beacon19","38","-99","2023-04-15 22:04:24","c3"
"5691","1014","beacon12","37","-91","2023-04-15 22:04:28","c3"
"5692","1014","beacon20","37","-95","2023-04-15 22:04:28","c3"
"5693","1014","beacon11","37","-96","2023-04-15 22:04:28","c3"
"5694","1014","beacon13","37","-97","2023-04-15 22:04:29","c3"
"5695","1014","beacon14","38","-96","2023-04-15 22:04:29","c3"
"5696","1015","beacon11","38","-91","2023-04-15 22:04:56","c4"
"5697","1015","beacon12","39","-89","2023-04-15 22:04:56","c4"
"5698","1015","beacon20","39","-87","2023-04-15 22:04:56","c4"
"5699","1015","beacon13","37","-96","2023-04-15 22:04:57","c4"
"5700","1015","beacon14","37","-98","2023-04-15 22:04:57","c4"
"5701","1016","beacon14","37","-95","2023-04-15 22:05:02","c4"
"5702","1016","beacon12","37","-81","2023-04-15 22:05:02","c4"
"5703","1016","beacon20","37","-92","2023-04-15 22:05:02","c4"
"5704","1016","beacon11","38","-92","2023-04-15 22:05:02","c4"
"5705","1016","beacon13","38","-98","2023-04-15 22:05:02","c4"
"5706","1017","beacon13","37","-97","2023-04-15 22:05:08","c4"
"5707","1017","beacon11","38","-92","2023-04-15 22:05:08","c4"
"5708","1017","beacon20","37","-90","2023-04-15 22:05:08","c4"
"5709","1017","beacon12","37","-83","2023-04-15 22:05:09","c4"
"5710","1017","beacon14","37","-98","2023-04-15 22:05:09","c4"
"5711","1018","beacon12","39","-80","2023-04-15 22:05:14","c4"
"5712","1018","beacon13","38","-92","2023-04-15 22:05:14","c4"
"5713","1018","beacon11","38","-90","2023-04-15 22:05:14","c4"
"5714","1018","beacon20","37","-95","2023-04-15 22:05:15","c4"
"5715","1018","beacon14","37","-96","2023-04-15 22:05:15","c4"
"5716","1019","beacon13","37","-97","2023-04-15 22:05:20","c4"
"5717","1019","beacon12","37","-92","2023-04-15 22:05:20","c4"
"5718","1019","beacon20","37","-96","2023-04-15 22:05:20","c4"
"5719","1019","beacon11","38","-95","2023-04-15 22:05:21","c4"
"5720","1019","beacon14","38","-98","2023-04-15 22:05:21","c4"
"5721","1020","beacon11","37","-95","2023-04-15 22:05:48","c5"
"5722","1020","beacon20","38","-89","2023-04-15 22:05:48","c5"
"5723","1020","beacon12","38","-89","2023-04-15 22:05:48","c5"
"5724","1020","beacon14","38","-95","2023-04-15 22:05:49","c5"
"5725","1020","beacon13","38","-98","2023-04-15 22:05:49","c5"
"5726","1020","beacon20","37","-85","2023-04-15 22:05:51","c5"
"5727","1020","beacon12","38","-89","2023-04-15 22:05:51","c5"
"5728","1020","beacon11","38","-95","2023-04-15 22:05:51","c5"
"5729","1020","beacon14","38","-98","2023-04-15 22:05:52","c5"
"5730","1020","beacon13","38","-98","2023-04-15 22:05:52","c5"
"5731","1021","beacon14","38","-99","2023-04-15 22:05:55","c5"
"5732","1021","beacon11","38","-95","2023-04-15 22:05:55","c5"
"5733","1021","beacon12","37","-81","2023-04-15 22:05:55","c5"
"5734","1021","beacon20","37","-91","2023-04-15 22:05:55","c5"
"5735","1021","beacon13","37","-89","2023-04-15 22:05:56","c5"
"5736","1022","beacon14","37","-103","2023-04-15 22:06:00","c5"
"5737","1022","beacon11","37","-98","2023-04-15 22:06:00","c5"
"5738","1022","beacon13","37","-101","2023-04-15 22:06:00","c5"
"5739","1022","beacon12","39","-82","2023-04-15 22:06:01","c5"
"5740","1022","beacon20","37","-94","2023-04-15 22:06:01","c5"
"5741","1023","beacon14","37","-93","2023-04-15 22:06:06","c5"
"5742","1023","beacon11","37","-95","2023-04-15 22:06:06","c5"
"5743","1023","beacon20","38","-89","2023-04-15 22:06:06","c5"
"5744","1023","beacon13","37","-93","2023-04-15 22:06:06","c5"
"5745","1023","beacon12","37","-79","2023-04-15 22:06:07","c5"
"5746","1024","beacon12","39","-78","2023-04-15 22:06:12","c5"
"5747","1024","beacon13","37","-88","2023-04-15 22:06:12","c5"
"5748","1024","beacon14","37","-96","2023-04-15 22:06:12","c5"
"5749","1024","beacon20","37","-102","2023-04-15 22:06:13","c5"
"5750","1024","beacon11","37","-95","2023-04-15 22:06:13","c5"
"5751","1025","beacon12","37","-71","2023-04-15 22:06:40","c6"
"5752","1025","beacon13","37","-92","2023-04-15 22:06:41","c6"
"5753","1025","beacon19","38","-105","2023-04-15 22:06:41","c6"
"5754","1025","beacon20","37","-93","2023-04-15 22:06:41","c6"
"5755","1025","beacon11","38","-100","2023-04-15 22:06:43","c6"
"5756","1026","beacon19","37","-99","2023-04-15 22:06:46","c6"
"5757","1026","beacon12","37","-70","2023-04-15 22:06:46","c6"
"5758","1026","beacon13","38","-98","2023-04-15 22:06:46","c6"
"5759","1026","beacon20","38","-97","2023-04-15 22:06:46","c6"
"5760","1026","beacon11","38","-96","2023-04-15 22:06:47","c6"
"5761","1026","beacon14","38","-99","2023-04-15 22:06:47","c6"
"5762","1027","beacon20","37","-95","2023-04-15 22:06:52","c6"
"5763","1027","beacon12","38","-71","2023-04-15 22:06:52","c6"
"5764","1027","beacon11","37","-102","2023-04-15 22:06:53","c6"
"5765","1027","beacon13","37","-95","2023-04-15 22:06:53","c6"
"5766","1027","beacon14","37","-98","2023-04-15 22:06:54","c6"
"5767","1028","beacon12","37","-72","2023-04-15 22:06:58","c6"
"5768","1028","beacon20","37","-88","2023-04-15 22:06:58","c6"
"5769","1028","beacon13","37","-98","2023-04-15 22:06:59","c6"
"5770","1028","beacon19","38","-104","2023-04-15 22:07:02","c6"
"5771","1029","beacon12","37","-73","2023-04-15 22:07:04","c6"
"5772","1029","beacon20","37","-93","2023-04-15 22:07:04","c6"
"5773","1029","beacon13","38","-96","2023-04-15 22:07:04","c6"
"5774","1029","beacon11","37","-95","2023-04-15 22:07:05","c6"
"5775","1029","beacon14","38","-101","2023-04-15 22:07:05","c6"
"5776","1030","beacon13","37","-83","2023-04-15 22:07:32","c7"
"5777","1030","beacon11","38","-89","2023-04-15 22:07:32","c7"
"5778","1030","beacon12","37","-89","2023-04-15 22:07:32","c7"
"5779","1030","beacon20","37","-85","2023-04-15 22:07:32","c7"
"5780","1030","beacon14","38","-97","2023-04-15 22:07:32","c7"
"5781","1031","beacon13","37","-88","2023-04-15 22:07:38","c7"
"5782","1031","beacon12","37","-88","2023-04-15 22:07:38","c7"
"5783","1031","beacon13","38","-92","2023-04-15 22:07:38","c7"
"5784","1031","beacon20","37","-82","2023-04-15 22:07:38","c7"
"5785","1031","beacon11","37","-97","2023-04-15 22:07:39","c7"
"5786","1031","beacon14","37","-96","2023-04-15 22:07:39","c7"
"5787","1032","beacon13","37","-86","2023-04-15 22:07:44","c7"
"5788","1032","beacon11","38","-98","2023-04-15 22:07:44","c7"
"5789","1032","beacon12","37","-96","2023-04-15 22:07:44","c7"
"5790","1032","beacon20","37","-81","2023-04-15 22:07:44","c7"
"5791","1032","beacon14","37","-96","2023-04-15 22:07:45","c7"
"5792","1033","beacon13","38","-85","2023-04-15 22:07:50","c7"
"5793","1033","beacon14","38","-93","2023-04-15 22:07:50","c7"
"5794","1033","beacon12","37","-103","2023-04-15 22:07:50","c7"
"5795","1033","beacon20","37","-83","2023-04-15 22:07:51","c7"
"5796","1033","beacon11","37","-98","2023-04-15 22:07:51","c7"
"5797","1034","beacon13","37","-90","2023-04-15 22:07:56","c7"
"5798","1034","beacon20","37","-94","2023-04-15 22:07:56","c7"
"5799","1034","beacon12","37","-85","2023-04-15 22:07:56","c7"
"5800","1034","beacon11","37","-100","2023-04-15 22:07:57","c7"
"5801","1034","beacon14","37","-97","2023-04-15 22:07:57","c7"
"5802","1035","beacon12","38","-83","2023-04-15 22:08:24","c8"
"5803","1035","beacon13","37","-95","2023-04-15 22:08:24","c8"
"5804","1035","beacon14","37","-100","2023-04-15 22:08:24","c8"
"5805","1035","beacon20","37","-89","2023-04-15 22:08:25","c8"
"5806","1035","beacon11","38","-98","2023-04-15 22:08:25","c8"
"5807","1036","beacon13","37","-97","2023-04-15 22:08:30","c8"
"5808","1036","beacon12","39","-81","2023-04-15 22:08:30","c8"
"5809","1036","beacon14","37","-102","2023-04-15 22:08:30","c8"
"5810","1036","beacon11","38","-96","2023-04-15 22:08:31","c8"
"5811","1036","beacon20","37","-97","2023-04-15 22:08:31","c8"
"5812","1037","beacon13","37","-97","2023-04-15 22:08:37","c8"
"5813","1037","beacon14","37","-99","2023-04-15 22:08:37","c8"
"5814","1037","beacon12","39","-77","2023-04-15 22:08:37","c8"
"5815","1037","beacon11","38","-93","2023-04-15 22:08:37","c8"
"5816","1037","beacon20","37","-96","2023-04-15 22:08:37","c8"
"5817","1038","beacon13","37","-100","2023-04-15 22:08:42","c8"
"5818","1038","beacon12","37","-80","2023-04-15 22:08:43","c8"
"5819","1038","beacon20","37","-88","2023-04-15 22:08:43","c8"
"5820","1038","beacon14","38","-97","2023-04-15 22:08:43","c8"
"5821","1038","beacon11","37","-99","2023-04-15 22:08:44","c8"
"5822","1039","beacon12","39","-83","2023-04-15 22:08:48","c8"
"5823","1039","beacon13","37","-96","2023-04-15 22:08:48","c8"
"5824","1039","beacon20","39","-84","2023-04-15 22:08:49","c8"
"5825","1039","beacon11","38","-100","2023-04-15 22:08:50","c8"
"5826","1039","beacon14","38","-94","2023-04-15 22:08:50","c8"
"5827","1040","beacon12","38","-76","2023-04-15 22:09:16","c9"
"5828","1040","beacon20","38","-92","2023-04-15 22:09:16","c9"
"5829","1040","beacon13","37","-91","2023-04-15 22:09:17","c9"
"5830","1040","beacon14","38","-98","2023-04-15 22:09:17","c9"
"5831","1040","beacon19","37","-98","2023-04-15 22:09:18","c9"
"5832","1040","beacon11","38","-102","2023-04-15 22:09:19","c9"
"5833","1041","beacon12","38","-75","2023-04-15 22:09:22","c9"
"5834","1041","beacon20","38","-88","2023-04-15 22:09:22","c9"
"5835","1041","beacon13","37","-89","2023-04-15 22:09:23","c9"
"5836","1041","beacon14","38","-101","2023-04-15 22:09:23","c9"
"5837","1041","beacon14","38","-102","2023-04-15 22:09:23","c9"
"5838","1041","beacon12","38","-77","2023-04-15 22:09:24","c9"
"5839","1041","beacon20","38","-89","2023-04-15 22:09:24","c9"
"5840","1041","beacon11","38","-98","2023-04-15 22:09:24","c9"
"5841","1041","beacon13","37","-91","2023-04-15 22:09:24","c9"
"5842","1042","beacon12","38","-79","2023-04-15 22:09:29","c9"
"5843","1042","beacon13","38","-91","2023-04-15 22:09:29","c9"
"5844","1042","beacon20","37","-92","2023-04-15 22:09:29","c9"
"5845","1042","beacon19","38","-100","2023-04-15 22:09:30","c9"
"5846","1042","beacon11","38","-98","2023-04-15 22:09:31","c9"
"5847","1043","beacon12","38","-78","2023-04-15 22:09:35","c9"
"5848","1043","beacon20","38","-94","2023-04-15 22:09:35","c9"
"5849","1043","beacon13","37","-89","2023-04-15 22:09:35","c9"
"5850","1043","beacon14","38","-100","2023-04-15 22:09:36","c9"
"5851","1043","beacon11","37","-96","2023-04-15 22:09:36","c9"
"5852","1044","beacon12","38","-80","2023-04-15 22:09:40","c9"
"5853","1044","beacon20","38","-95","2023-04-15 22:09:40","c9"
"5854","1044","beacon11","38","-101","2023-04-15 22:09:41","c9"
"5855","1044","beacon13","37","-89","2023-04-15 22:09:41","c9"
"5856","1045","beacon11","37","-75","2023-04-15 22:10:37","ce1"
"5857","1045","beacon12","37","-93","2023-04-15 22:10:38","ce1"
"5858","1045","beacon20","37","-95","2023-04-15 22:10:38","ce1"
"5859","1045","beacon13","38","-97","2023-04-15 22:10:40","ce1"
"5860","1046","beacon11","37","-79","2023-04-15 22:10:44","ce1"
"5861","1046","beacon12","38","-90","2023-04-15 22:10:44","ce1"
"5862","1046","beacon20","38","-92","2023-04-15 22:10:45","ce1"
"5863","1047","beacon11","37","-82","2023-04-15 22:10:49","ce1"
"5864","1047","beacon12","37","-100","2023-04-15 22:10:50","ce1"
"5865","1047","beacon20","37","-100","2023-04-15 22:10:51","ce1"
"5866","1047","beacon13","37","-100","2023-04-15 22:10:53","ce1"
"5867","1048","beacon11","37","-76","2023-04-15 22:10:56","ce1"
"5868","1048","beacon20","38","-95","2023-04-15 22:10:56","ce1"
"5869","1048","beacon12","37","-96","2023-04-15 22:10:57","ce1"
"5870","1049","beacon11","37","-80","2023-04-15 22:11:02","ce1"
"5871","1049","beacon20","38","-94","2023-04-15 22:11:02","ce1"
"5872","1049","beacon12","38","-96","2023-04-15 22:11:02","ce1"
"5873","1050","beacon12","37","-100","2023-04-15 22:11:30","ce2"
"5874","1050","beacon11","39","-80","2023-04-15 22:11:30","ce2"
"5875","1050","beacon20","38","-97","2023-04-15 22:11:30","ce2"
"5876","1050","beacon13","37","-101","2023-04-15 22:11:30","ce2"
"5877","1051","beacon20","37","-94","2023-04-15 22:11:35","ce2"
"5878","1051","beacon12","37","-94","2023-04-15 22:11:36","ce2"
"5879","1051","beacon11","37","-85","2023-04-15 22:11:36","ce2"
"5880","1051","beacon14","38","-101","2023-04-15 22:11:39","ce2"
"5881","1052","beacon12","37","-95","2023-04-15 22:11:42","ce2"
"5882","1052","beacon20","38","-96","2023-04-15 22:11:42","ce2"
"5883","1052","beacon11","37","-88","2023-04-15 22:11:42","ce2"
"5884","1052","beacon14","38","-98","2023-04-15 22:11:44","ce2"
"5885","1053","beacon12","37","-97","2023-04-15 22:11:47","ce2"
"5886","1053","beacon20","37","-95","2023-04-15 22:11:47","ce2"
"5887","1053","beacon11","39","-87","2023-04-15 22:11:48","ce2"
"5888","1053","beacon14","37","-97","2023-04-15 22:11:48","ce2"
"5889","1053","beacon13","37","-95","2023-04-15 22:11:50","ce2"
"5890","1054","beacon12","38","-90","2023-04-15 22:11:54","ce2"
"5891","1054","beacon20","38","-92","2023-04-15 22:11:54","ce2"
"5892","1054","beacon11","37","-85","2023-04-15 22:11:54","ce2"
"5893","1054","beacon13","37","-98","2023-04-15 22:11:56","ce2"
"5894","1054","beacon14","38","-103","2023-04-15 22:11:56","ce2"
"5895","1055","beacon11","38","-85","2023-04-15 22:12:21","ce3"
"5896","1055","beacon12","37","-93","2023-04-15 22:12:22","ce3"
"5897","1055","beacon20","37","-87","2023-04-15 22:12:22","ce3"
"5898","1055","beacon11","37","-97","2023-04-15 22:12:23","ce3"
"5899","1055","beacon20","37","-89","2023-04-15 22:12:23","ce3"
"5900","1055","beacon12","38","-91","2023-04-15 22:12:24","ce3"
"5901","1055","beacon13","38","-101","2023-04-15 22:12:25","ce3"
"5902","1056","beacon20","37","-97","2023-04-15 22:12:28","ce3"
"5903","1056","beacon12","37","-96","2023-04-15 22:12:28","ce3"
"5904","1056","beacon11","37","-88","2023-04-15 22:12:28","ce3"
"5905","1056","beacon14","38","-99","2023-04-15 22:12:30","ce3"
"5906","1056","beacon13","38","-100","2023-04-15 22:12:31","ce3"
"5907","1057","beacon14","38","-96","2023-04-15 22:12:34","ce3"
"5908","1057","beacon13","38","-101","2023-04-15 22:12:34","ce3"
"5909","1057","beacon11","38","-91","2023-04-15 22:12:34","ce3"
"5910","1057","beacon20","37","-85","2023-04-15 22:12:34","ce3"
"5911","1057","beacon12","37","-95","2023-04-15 22:12:35","ce3"
"5912","1058","beacon20","37","-96","2023-04-15 22:12:40","ce3"
"5913","1058","beacon14","38","-100","2023-04-15 22:12:40","ce3"
"5914","1058","beacon12","37","-95","2023-04-15 22:12:40","ce3"
"5915","1058","beacon11","37","-93","2023-04-15 22:12:40","ce3"
"5916","1059","beacon20","37","-90","2023-04-15 22:12:46","ce3"
"5917","1059","beacon12","37","-96","2023-04-15 22:12:46","ce3"
"5918","1059","beacon11","37","-92","2023-04-15 22:12:46","ce3"
"5919","1059","beacon14","38","-98","2023-04-15 22:12:47","ce3"
"5920","1059","beacon13","38","-101","2023-04-15 22:12:47","ce3"
"5921","1060","beacon11","37","-80","2023-04-15 22:13:13","ce4"
"5922","1060","beacon12","38","-89","2023-04-15 22:13:13","ce4"
"5923","1060","beacon20","38","-99","2023-04-15 22:13:14","ce4"
"5924","1060","beacon13","37","-98","2023-04-15 22:13:15","ce4"
"5925","1061","beacon11","37","-81","2023-04-15 22:13:20","ce4"
"5926","1061","beacon20","37","-99","2023-04-15 22:13:20","ce4"
"5927","1061","beacon12","37","-97","2023-04-15 22:13:20","ce4"
"5928","1061","beacon13","38","-97","2023-04-15 22:13:22","ce4"
"5929","1062","beacon11","37","-76","2023-04-15 22:13:25","ce4"
"5930","1062","beacon20","37","-96","2023-04-15 22:13:26","ce4"
"5931","1062","beacon12","37","-99","2023-04-15 22:13:26","ce4"
"5932","1062","beacon13","38","-102","2023-04-15 22:13:26","ce4"
"5933","1063","beacon11","37","-80","2023-04-15 22:13:32","ce4"
"5934","1063","beacon20","38","-99","2023-04-15 22:13:32","ce4"
"5935","1063","beacon12","38","-95","2023-04-15 22:13:33","ce4"
"5936","1063","beacon13","38","-99","2023-04-15 22:13:35","ce4"
"5937","1064","beacon11","37","-79","2023-04-15 22:13:37","ce4"
"5938","1064","beacon12","37","-95","2023-04-15 22:13:38","ce4"
"5939","1064","beacon20","37","-94","2023-04-15 22:13:38","ce4"
"5940","1064","beacon13","37","-98","2023-04-15 22:13:40","ce4"
"5941","1065","beacon20","37","-96","2023-04-15 22:14:06","ce5"
"5942","1065","beacon12","37","-89","2023-04-15 22:14:06","ce5"
"5943","1065","beacon11","37","-93","2023-04-15 22:14:06","ce5"
"5944","1065","beacon14","38","-103","2023-04-15 22:14:08","ce5"
"5945","1065","beacon20","37","-98","2023-04-15 22:14:08","ce5"
"5946","1065","beacon12","37","-93","2023-04-15 22:14:08","ce5"
"5947","1065","beacon13","38","-100","2023-04-15 22:14:08","ce5"
"5948","1065","beacon11","37","-91","2023-04-15 22:14:11","ce5"
"5949","1066","beacon12","37","-97","2023-04-15 22:14:12","ce5"
"5950","1066","beacon20","37","-100","2023-04-15 22:14:12","ce5"
"5951","1066","beacon11","37","-90","2023-04-15 22:14:12","ce5"
"5952","1066","beacon13","38","-99","2023-04-15 22:14:13","ce5"
"5953","1067","beacon12","37","-94","2023-04-15 22:14:17","ce5"
"5954","1067","beacon20","37","-94","2023-04-15 22:14:18","ce5"
"5955","1067","beacon11","37","-89","2023-04-15 22:14:18","ce5"
"5956","1067","beacon13","37","-97","2023-04-15 22:14:18","ce5"
"5957","1068","beacon20","37","-92","2023-04-15 22:14:24","ce5"
"5958","1068","beacon12","37","-92","2023-04-15 22:14:24","ce5"
"5959","1068","beacon11","37","-89","2023-04-15 22:14:24","ce5"
"5960","1069","beacon12","37","-94","2023-04-15 22:14:30","ce5"
"5961","1069","beacon20","38","-98","2023-04-15 22:14:30","ce5"
"5962","1069","beacon11","38","-83","2023-04-15 22:14:30","ce5"
"5963","1069","beacon13","38","-98","2023-04-15 22:14:31","ce5"
"5964","1069","beacon14","38","-100","2023-04-15 22:14:34","ce5"
"5965","1070","beacon20","37","-90","2023-04-15 22:14:58","ce6"
"5966","1070","beacon14","38","-101","2023-04-15 22:14:58","ce6"
"5967","1070","beacon12","37","-99","2023-04-15 22:14:58","ce6"
"5968","1070","beacon11","39","-86","2023-04-15 22:14:58","ce6"
"5969","1071","beacon14","38","-101","2023-04-15 22:15:04","ce6"
"5970","1071","beacon20","37","-84","2023-04-15 22:15:04","ce6"
"5971","1071","beacon12","37","-93","2023-04-15 22:15:04","ce6"
"5972","1071","beacon11","37","-84","2023-04-15 22:15:04","ce6"
"5973","1072","beacon11","38","-85","2023-04-15 22:15:10","ce6"
"5974","1072","beacon20","38","-91","2023-04-15 22:15:10","ce6"
"5975","1072","beacon12","38","-96","2023-04-15 22:15:10","ce6"
"5976","1073","beacon20","37","-94","2023-04-15 22:15:16","ce6"
"5977","1073","beacon12","37","-95","2023-04-15 22:15:16","ce6"
"5978","1073","beacon11","37","-86","2023-04-15 22:15:16","ce6"
"5979","1074","beacon11","38","-81","2023-04-15 22:15:22","ce6"
"5980","1074","beacon12","37","-94","2023-04-15 22:15:22","ce6"
"5981","1074","beacon20","37","-83","2023-04-15 22:15:22","ce6"
"5982","1074","beacon14","37","-101","2023-04-15 22:15:23","ce6"
"5983","1075","beacon11","38","-83","2023-04-15 22:15:50","ce7"
"5984","1075","beacon12","37","-93","2023-04-15 22:15:50","ce7"
"5985","1075","beacon20","37","-89","2023-04-15 22:15:50","ce7"
"5986","1075","beacon13","37","-98","2023-04-15 22:15:52","ce7"
"5987","1076","beacon11","38","-97","2023-04-15 22:15:56","ce7"
"5988","1076","beacon12","37","-96","2023-04-15 22:15:56","ce7"
"5989","1076","beacon20","37","-99","2023-04-15 22:15:57","ce7"
"5990","1076","beacon13","37","-101","2023-04-15 22:15:58","ce7"
"5991","1077","beacon11","37","-87","2023-04-15 22:16:02","ce7"
"5992","1077","beacon20","39","-83","2023-04-15 22:16:02","ce7"
"5993","1077","beacon12","38","-95","2023-04-15 22:16:03","ce7"
"5994","1077","beacon14","38","-101","2023-04-15 22:16:04","ce7"
"5995","1078","beacon11","38","-85","2023-04-15 22:16:08","ce7"
"5996","1078","beacon20","37","-97","2023-04-15 22:16:08","ce7"
"5997","1078","beacon12","37","-96","2023-04-15 22:16:09","ce7"
"5998","1079","beacon11","37","-84","2023-04-15 22:16:14","ce7"
"5999","1079","beacon13","37","-97","2023-04-15 22:16:14","ce7"
"6000","1079","beacon20","37","-95","2023-04-15 22:16:14","ce7"
"6001","1079","beacon12","38","-98","2023-04-15 22:16:15","ce7"
"6002","1080","beacon20","38","-84","2023-04-15 22:16:42","ce8"
"6003","1080","beacon11","37","-89","2023-04-15 22:16:42","ce8"
"6004","1080","beacon13","37","-94","2023-04-15 22:16:42","ce8"
"6005","1080","beacon12","37","-89","2023-04-15 22:16:43","ce8"
"6006","1081","beacon20","38","-87","2023-04-15 22:16:48","ce8"
"6007","1081","beacon12","38","-98","2023-04-15 22:16:48","ce8"
"6008","1081","beacon11","37","-88","2023-04-15 22:16:48","ce8"
"6009","1081","beacon13","37","-98","2023-04-15 22:16:48","ce8"
"6010","1081","beacon14","38","-98","2023-04-15 22:16:50","ce8"
"6011","1082","beacon11","37","-84","2023-04-15 22:16:54","ce8"
"6012","1082","beacon13","37","-101","2023-04-15 22:16:54","ce8"
"6013","1082","beacon12","37","-90","2023-04-15 22:16:55","ce8"
"6014","1082","beacon20","37","-86","2023-04-15 22:16:55","ce8"
"6015","1083","beacon12","38","-89","2023-04-15 22:17:00","ce8"
"6016","1083","beacon20","38","-93","2023-04-15 22:17:00","ce8"
"6017","1083","beacon11","37","-87","2023-04-15 22:17:00","ce8"
"6018","1083","beacon13","37","-102","2023-04-15 22:17:00","ce8"
"6019","1083","beacon14","38","-98","2023-04-15 22:17:01","ce8"
"6020","1084","beacon11","37","-89","2023-04-15 22:17:06","ce8"
"6021","1084","beacon20","38","-88","2023-04-15 22:17:06","ce8"
"6022","1084","beacon13","37","-98","2023-04-15 22:17:06","ce8"
"6023","1084","beacon12","37","-91","2023-04-15 22:17:07","ce8"
"6024","1084","beacon14","38","-98","2023-04-15 22:17:08","ce8"
"6025","1085","beacon20","37","-90","2023-04-15 22:17:34","ce9"
"6026","1085","beacon12","37","-91","2023-04-15 22:17:34","ce9"
"6027","1085","beacon14","38","-96","2023-04-15 22:17:34","ce9"
"6028","1085","beacon11","37","-93","2023-04-15 22:17:34","ce9"
"6029","1085","beacon13","37","-101","2023-04-15 22:17:35","ce9"
"6030","1086","beacon12","37","-93","2023-04-15 22:17:40","ce9"
"6031","1086","beacon20","37","-83","2023-04-15 22:17:40","ce9"
"6032","1086","beacon14","38","-100","2023-04-15 22:17:40","ce9"
"6033","1086","beacon11","39","-86","2023-04-15 22:17:40","ce9"
"6034","1086","beacon20","39","-85","2023-04-15 22:17:41","ce9"
"6035","1086","beacon13","38","-99","2023-04-15 22:17:41","ce9"
"6036","1086","beacon12","37","-97","2023-04-15 22:17:42","ce9"
"6037","1086","beacon14","37","-100","2023-04-15 22:17:42","ce9"
"6038","1086","beacon11","38","-97","2023-04-15 22:17:43","ce9"
"6039","1087","beacon12","37","-93","2023-04-15 22:17:46","ce9"
"6040","1087","beacon20","37","-90","2023-04-15 22:17:46","ce9"
"6041","1087","beacon11","37","-96","2023-04-15 22:17:47","ce9"
"6042","1087","beacon13","37","-100","2023-04-15 22:17:47","ce9"
"6043","1087","beacon14","37","-98","2023-04-15 22:17:47","ce9"
"6044","1088","beacon12","37","-88","2023-04-15 22:17:52","ce9"
"6045","1088","beacon20","37","-85","2023-04-15 22:17:52","ce9"
"6046","1088","beacon11","37","-94","2023-04-15 22:17:52","ce9"
"6047","1088","beacon13","37","-95","2023-04-15 22:17:53","ce9"
"6048","1088","beacon14","38","-101","2023-04-15 22:17:53","ce9"
"6049","1089","beacon12","37","-89","2023-04-15 22:17:58","ce9"
"6050","1089","beacon20","37","-87","2023-04-15 22:17:58","ce9"
"6051","1089","beacon13","38","-90","2023-04-15 22:17:58","ce9"
"6052","1089","beacon11","37","-88","2023-04-15 22:17:58","ce9"
"6053","1089","beacon14","38","-98","2023-04-15 22:17:59","ce9"
"6054","1090","beacon12","37","-89","2023-04-15 22:20:05","ha1"
"6055","1090","beacon20","37","-84","2023-04-15 22:20:05","ha1"
"6056","1090","beacon14","38","-100","2023-04-15 22:20:05","ha1"
"6057","1090","beacon13","38","-102","2023-04-15 22:20:05","ha1"
"6058","1090","beacon11","38","-93","2023-04-15 22:20:06","ha1"
"6059","1090","beacon18","37","-96","2023-04-15 22:20:09","ha1"
"6060","1091","beacon12","37","-87","2023-04-15 22:20:11","ha1"
"6061","1091","beacon20","37","-82","2023-04-15 22:20:11","ha1"
"6062","1091","beacon13","38","-98","2023-04-15 22:20:12","ha1"
"6063","1091","beacon11","37","-96","2023-04-15 22:20:12","ha1"
"6064","1091","beacon14","37","-99","2023-04-15 22:20:12","ha1"
"6065","1092","beacon20","37","-83","2023-04-15 22:20:17","ha1"
"6066","1092","beacon12","37","-87","2023-04-15 22:20:17","ha1"
"6067","1092","beacon19","37","-102","2023-04-15 22:20:18","ha1"
"6068","1092","beacon11","37","-96","2023-04-15 22:20:18","ha1"
"6069","1092","beacon14","37","-101","2023-04-15 22:20:18","ha1"
"6070","1092","beacon13","37","-95","2023-04-15 22:20:18","ha1"
"6071","1093","beacon20","37","-82","2023-04-15 22:20:23","ha1"
"6072","1093","beacon12","37","-96","2023-04-15 22:20:23","ha1"
"6073","1093","beacon13","38","-92","2023-04-15 22:20:23","ha1"
"6074","1093","beacon11","39","-85","2023-04-15 22:20:24","ha1"
"6075","1093","beacon14","37","-94","2023-04-15 22:20:24","ha1"
"6076","1093","beacon19","38","-101","2023-04-15 22:20:26","ha1"
"6077","1094","beacon12","38","-96","2023-04-15 22:20:30","ha1"
"6078","1094","beacon11","37","-89","2023-04-15 22:20:30","ha1"
"6079","1094","beacon13","37","-94","2023-04-15 22:20:30","ha1"
"6080","1094","beacon20","37","-76","2023-04-15 22:20:31","ha1"
"6081","1094","beacon14","37","-98","2023-04-15 22:20:32","ha1"
"6082","1095","beacon14","37","-90","2023-04-15 22:20:57","ha2"
"6083","1095","beacon13","37","-82","2023-04-15 22:20:57","ha2"
"6084","1095","beacon20","39","-81","2023-04-15 22:20:57","ha2"
"6085","1095","beacon12","38","-100","2023-04-15 22:20:58","ha2"
"6086","1095","beacon11","37","-99","2023-04-15 22:21:00","ha2"
"6087","1096","beacon11","38","-98","2023-04-15 22:21:06","ha2"
"6088","1096","beacon14","38","-89","2023-04-15 22:21:06","ha2"
"6089","1096","beacon20","39","-83","2023-04-15 22:21:06","ha2"
"6090","1096","beacon13","38","-82","2023-04-15 22:21:06","ha2"
"6091","1096","beacon12","37","-99","2023-04-15 22:21:06","ha2"
"6092","1096","beacon16","38","-102","2023-04-15 22:21:06","ha2"
"6093","1097","beacon14","37","-96","2023-04-15 22:21:09","ha2"
"6094","1097","beacon13","37","-80","2023-04-15 22:21:09","ha2"
"6095","1097","beacon20","37","-86","2023-04-15 22:21:10","ha2"
"6096","1097","beacon19","37","-99","2023-04-15 22:21:10","ha2"
"6097","1097","beacon11","37","-104","2023-04-15 22:21:10","ha2"
"6098","1097","beacon12","37","-98","2023-04-15 22:21:11","ha2"
"6099","1098","beacon13","37","-86","2023-04-15 22:21:15","ha2"
"6100","1098","beacon16","38","-100","2023-04-15 22:21:15","ha2"
"6101","1098","beacon14","38","-99","2023-04-15 22:21:16","ha2"
"6102","1098","beacon20","37","-80","2023-04-15 22:21:16","ha2"
"6103","1098","beacon11","37","-100","2023-04-15 22:21:16","ha2"
"6104","1098","beacon12","37","-98","2023-04-15 22:21:17","ha2"
"6105","1098","beacon19","38","-101","2023-04-15 22:21:18","ha2"
"6106","1099","beacon14","37","-93","2023-04-15 22:21:21","ha2"
"6107","1099","beacon13","38","-83","2023-04-15 22:21:22","ha2"
"6108","1099","beacon20","37","-81","2023-04-15 22:21:22","ha2"
"6109","1099","beacon12","38","-99","2023-04-15 22:21:22","ha2"
"6110","1099","beacon11","37","-95","2023-04-15 22:21:22","ha2"
"6111","1099","beacon16","38","-104","2023-04-15 22:21:25","ha2"
"6112","1100","beacon13","39","-85","2023-04-15 22:21:50","ha3"
"6113","1100","beacon19","38","-98","2023-04-15 22:21:50","ha3"
"6114","1100","beacon16","38","-100","2023-04-15 22:21:50","ha3"
"6115","1100","beacon11","38","-95","2023-04-15 22:21:50","ha3"
"6116","1100","beacon14","38","-93","2023-04-15 22:21:50","ha3"
"6117","1100","beacon20","37","-82","2023-04-15 22:21:50","ha3"
"6118","1100","beacon12","37","-97","2023-04-15 22:21:51","ha3"
"6119","1100","beacon13","39","-87","2023-04-15 22:21:51","ha3"
"6120","1100","beacon19","37","-97","2023-04-15 22:21:51","ha3"
"6121","1100","beacon14","39","-88","2023-04-15 22:21:51","ha3"
"6122","1100","beacon12","38","-98","2023-04-15 22:21:51","ha3"
"6123","1100","beacon20","37","-81","2023-04-15 22:21:52","ha3"
"6124","1100","beacon11","38","-106","2023-04-15 22:21:53","ha3"
"6125","1101","beacon20","38","-84","2023-04-15 22:21:55","ha3"
"6126","1101","beacon14","37","-88","2023-04-15 22:21:56","ha3"
"6127","1101","beacon13","37","-90","2023-04-15 22:21:56","ha3"
"6128","1101","beacon16","37","-98","2023-04-15 22:21:57","ha3"
"6129","1101","beacon19","37","-104","2023-04-15 22:21:57","ha3"
"6130","1101","beacon17","38","-99","2023-04-15 22:21:57","ha3"
"6131","1101","beacon12","38","-99","2023-04-15 22:21:57","ha3"
"6132","1101","beacon11","38","-100","2023-04-15 22:21:57","ha3"
"6133","1101","beacon18","37","-103","2023-04-15 22:21:59","ha3"
"6134","1102","beacon13","39","-87","2023-04-15 22:22:01","ha3"
"6135","1102","beacon20","39","-82","2023-04-15 22:22:02","ha3"
"6136","1102","beacon14","38","-83","2023-04-15 22:22:02","ha3"
"6137","1102","beacon19","37","-98","2023-04-15 22:22:02","ha3"
"6138","1102","beacon11","37","-99","2023-04-15 22:22:05","ha3"
"6139","1102","beacon18","38","-101","2023-04-15 22:22:05","ha3"
"6140","1103","beacon14","37","-88","2023-04-15 22:22:08","ha3"
"6141","1103","beacon13","37","-86","2023-04-15 22:22:08","ha3"
"6142","1103","beacon20","39","-84","2023-04-15 22:22:08","ha3"
"6143","1103","beacon12","37","-98","2023-04-15 22:22:09","ha3"
"6144","1103","beacon19","37","-99","2023-04-15 22:22:09","ha3"
"6145","1103","beacon11","37","-100","2023-04-15 22:22:09","ha3"
"6146","1103","beacon16","38","-99","2023-04-15 22:22:11","ha3"
"6147","1104","beacon11","37","-100","2023-04-15 22:22:13","ha3"
"6148","1104","beacon20","38","-82","2023-04-15 22:22:14","ha3"
"6149","1104","beacon14","37","-90","2023-04-15 22:22:14","ha3"
"6150","1104","beacon19","38","-103","2023-04-15 22:22:14","ha3"
"6151","1104","beacon13","37","-83","2023-04-15 22:22:14","ha3"
"6152","1104","beacon16","38","-101","2023-04-15 22:22:15","ha3"
"6153","1104","beacon18","37","-99","2023-04-15 22:22:15","ha3"
"6154","1104","beacon12","37","-96","2023-04-15 22:22:16","ha3"
"6155","1105","beacon13","38","-88","2023-04-15 22:22:41","ha4"
"6156","1105","beacon20","37","-90","2023-04-15 22:22:42","ha4"
"6157","1105","beacon12","38","-95","2023-04-15 22:22:42","ha4"
"6158","1105","beacon19","38","-98","2023-04-15 22:22:42","ha4"
"6159","1105","beacon14","37","-82","2023-04-15 22:22:42","ha4"
"6160","1105","beacon18","37","-102","2023-04-15 22:22:42","ha4"
"6161","1105","beacon16","38","-95","2023-04-15 22:22:42","ha4"
"6162","1105","beacon11","38","-100","2023-04-15 22:22:42","ha4"
"6163","1105","beacon17","37","-101","2023-04-15 22:22:43","ha4"
"6164","1106","beacon16","37","-99","2023-04-15 22:22:48","ha4"
"6165","1106","beacon19","37","-98","2023-04-15 22:22:48","ha4"
"6166","1106","beacon20","37","-93","2023-04-15 22:22:48","ha4"
"6167","1106","beacon14","39","-79","2023-04-15 22:22:48","ha4"
"6168","1106","beacon13","39","-83","2023-04-15 22:22:48","ha4"
"6169","1106","beacon12","38","-97","2023-04-15 22:22:48","ha4"
"6170","1106","beacon18","38","-100","2023-04-15 22:22:49","ha4"
"6171","1106","beacon11","37","-98","2023-04-15 22:22:50","ha4"
"6172","1106","beacon15","38","-98","2023-04-15 22:22:51","ha4"
"6173","1107","beacon17","37","-100","2023-04-15 22:22:54","ha4"
"6174","1107","beacon19","37","-97","2023-04-15 22:22:54","ha4"
"6175","1107","beacon20","37","-84","2023-04-15 22:22:54","ha4"
"6176","1107","beacon13","38","-94","2023-04-15 22:22:54","ha4"
"6177","1107","beacon15","38","-98","2023-04-15 22:22:54","ha4"
"6178","1107","beacon16","37","-103","2023-04-15 22:22:54","ha4"
"6179","1107","beacon14","37","-78","2023-04-15 22:22:54","ha4"
"6180","1107","beacon11","37","-96","2023-04-15 22:22:54","ha4"
"6181","1107","beacon18","38","-97","2023-04-15 22:22:55","ha4"
"6182","1107","beacon12","37","-98","2023-04-15 22:22:56","ha4"
"6183","1108","beacon12","38","-96","2023-04-15 22:23:00","ha4"
"6184","1108","beacon16","37","-98","2023-04-15 22:23:00","ha4"
"6185","1108","beacon19","37","-95","2023-04-15 22:23:00","ha4"
"6186","1108","beacon20","38","-88","2023-04-15 22:23:00","ha4"
"6187","1108","beacon14","37","-83","2023-04-15 22:23:00","ha4"
"6188","1108","beacon13","37","-91","2023-04-15 22:23:00","ha4"
"6189","1108","beacon11","38","-97","2023-04-15 22:23:02","ha4"
"6190","1108","beacon18","38","-103","2023-04-15 22:23:02","ha4"
"6191","1109","beacon19","37","-98","2023-04-15 22:23:05","ha4"
"6192","1109","beacon14","39","-80","2023-04-15 22:23:06","ha4"
"6193","1109","beacon12","38","-92","2023-04-15 22:23:06","ha4"
"6194","1109","beacon20","38","-90","2023-04-15 22:23:06","ha4"
"6195","1109","beacon13","37","-102","2023-04-15 22:23:06","ha4"
"6196","1109","beacon18","38","-100","2023-04-15 22:23:07","ha4"
"6197","1109","beacon15","38","-103","2023-04-15 22:23:07","ha4"
"6198","1110","beacon13","37","-91","2023-04-15 22:23:34","ha5"
"6199","1110","beacon14","38","-84","2023-04-15 22:23:34","ha5"
"6200","1110","beacon18","38","-99","2023-04-15 22:23:34","ha5"
"6201","1110","beacon20","37","-88","2023-04-15 22:23:34","ha5"
"6202","1110","beacon16","37","-97","2023-04-15 22:23:34","ha5"
"6203","1110","beacon19","37","-95","2023-04-15 22:23:34","ha5"
"6204","1110","beacon12","38","-104","2023-04-15 22:23:35","ha5"
"6205","1110","beacon15","38","-95","2023-04-15 22:23:35","ha5"
"6206","1110","beacon14","39","-72","2023-04-15 22:23:35","ha5"
"6207","1110","beacon12","38","-102","2023-04-15 22:23:36","ha5"
"6208","1110","beacon20","38","-97","2023-04-15 22:23:36","ha5"
"6209","1110","beacon17","38","-98","2023-04-15 22:23:36","ha5"
"6210","1110","beacon13","37","-95","2023-04-15 22:23:36","ha5"
"6211","1110","beacon18","37","-94","2023-04-15 22:23:36","ha5"
"6212","1110","beacon15","38","-97","2023-04-15 22:23:37","ha5"
"6213","1110","beacon19","38","-99","2023-04-15 22:23:37","ha5"
"6214","1111","beacon19","39","-84","2023-04-15 22:23:40","ha5"
"6215","1111","beacon20","37","-98","2023-04-15 22:23:40","ha5"
"6216","1111","beacon14","39","-73","2023-04-15 22:23:40","ha5"
"6217","1111","beacon13","37","-97","2023-04-15 22:23:41","ha5"
"6218","1111","beacon18","37","-94","2023-04-15 22:23:41","ha5"
"6219","1111","beacon15","37","-100","2023-04-15 22:23:41","ha5"
"6220","1111","beacon16","37","-99","2023-04-15 22:23:42","ha5"
"6221","1111","beacon17","38","-103","2023-04-15 22:23:43","ha5"
"6222","1112","beacon18","37","-93","2023-04-15 22:23:46","ha5"
"6223","1112","beacon20","37","-97","2023-04-15 22:23:46","ha5"
"6224","1112","beacon14","38","-82","2023-04-15 22:23:46","ha5"
"6225","1112","beacon15","38","-101","2023-04-15 22:23:46","ha5"
"6226","1112","beacon12","38","-100","2023-04-15 22:23:46","ha5"
"6227","1112","beacon19","38","-92","2023-04-15 22:23:46","ha5"
"6228","1112","beacon16","38","-101","2023-04-15 22:23:47","ha5"
"6229","1112","beacon13","38","-100","2023-04-15 22:23:47","ha5"
"6230","1113","beacon13","37","-96","2023-04-15 22:23:52","ha5"
"6231","1113","beacon14","38","-75","2023-04-15 22:23:52","ha5"
"6232","1113","beacon20","37","-91","2023-04-15 22:23:52","ha5"
"6233","1113","beacon12","37","-101","2023-04-15 22:23:52","ha5"
"6234","1113","beacon16","37","-90","2023-04-15 22:23:52","ha5"
"6235","1113","beacon18","37","-95","2023-04-15 22:23:53","ha5"
"6236","1113","beacon19","37","-99","2023-04-15 22:23:53","ha5"
"6237","1113","beacon15","38","-95","2023-04-15 22:23:54","ha5"
"6238","1114","beacon14","38","-77","2023-04-15 22:23:58","ha5"
"6239","1114","beacon19","37","-95","2023-04-15 22:23:58","ha5"
"6240","1114","beacon16","37","-96","2023-04-15 22:23:58","ha5"
"6241","1114","beacon13","37","-93","2023-04-15 22:23:59","ha5"
"6242","1114","beacon11","38","-97","2023-04-15 22:23:59","ha5"
"6243","1114","beacon18","38","-95","2023-04-15 22:23:59","ha5"
"6244","1114","beacon20","37","-88","2023-04-15 22:23:59","ha5"
"6245","1114","beacon17","37","-99","2023-04-15 22:23:59","ha5"
"6246","1115","beacon14","37","-89","2023-04-15 22:24:26","ha6"
"6247","1115","beacon16","38","-103","2023-04-15 22:24:26","ha6"
"6248","1115","beacon13","37","-95","2023-04-15 22:24:26","ha6"
"6249","1115","beacon18","37","-96","2023-04-15 22:24:26","ha6"
"6250","1115","beacon15","37","-98","2023-04-15 22:24:26","ha6"
"6251","1115","beacon19","37","-95","2023-04-15 22:24:26","ha6"
"6252","1115","beacon20","37","-95","2023-04-15 22:24:26","ha6"
"6253","1116","beacon14","37","-87","2023-04-15 22:24:32","ha6"
"6254","1116","beacon16","38","-91","2023-04-15 22:24:32","ha6"
"6255","1116","beacon19","38","-94","2023-04-15 22:24:32","ha6"
"6256","1116","beacon18","37","-100","2023-04-15 22:24:32","ha6"
"6257","1116","beacon13","37","-97","2023-04-15 22:24:32","ha6"
"6258","1116","beacon15","37","-96","2023-04-15 22:24:34","ha6"
"6259","1116","beacon17","38","-96","2023-04-15 22:24:34","ha6"
"6260","1116","beacon20","38","-97","2023-04-15 22:24:34","ha6"
"6261","1117","beacon14","37","-90","2023-04-15 22:24:38","ha6"
"6262","1117","beacon18","37","-93","2023-04-15 22:24:38","ha6"
"6263","1117","beacon15","38","-99","2023-04-15 22:24:39","ha6"
"6264","1117","beacon16","37","-88","2023-04-15 22:24:39","ha6"
"6265","1117","beacon19","37","-99","2023-04-15 22:24:39","ha6"
"6266","1117","beacon13","37","-101","2023-04-15 22:24:39","ha6"
"6267","1117","beacon17","38","-98","2023-04-15 22:24:40","ha6"
"6268","1117","beacon20","38","-100","2023-04-15 22:24:40","ha6"
"6269","1118","beacon14","37","-86","2023-04-15 22:24:44","ha6"
"6270","1118","beacon18","37","-86","2023-04-15 22:24:44","ha6"
"6271","1118","beacon19","38","-97","2023-04-15 22:24:44","ha6"
"6272","1118","beacon16","38","-90","2023-04-15 22:24:44","ha6"
"6273","1118","beacon15","37","-104","2023-04-15 22:24:44","ha6"
"6274","1118","beacon17","37","-96","2023-04-15 22:24:44","ha6"
"6275","1118","beacon13","38","-101","2023-04-15 22:24:44","ha6"
"6276","1118","beacon20","37","-93","2023-04-15 22:24:44","ha6"
"6277","1119","beacon14","37","-89","2023-04-15 22:24:50","ha6"
"6278","1119","beacon19","38","-93","2023-04-15 22:24:50","ha6"
"6279","1119","beacon16","38","-99","2023-04-15 22:24:50","ha6"
"6280","1119","beacon18","38","-97","2023-04-15 22:24:50","ha6"
"6281","1119","beacon20","37","-95","2023-04-15 22:24:51","ha6"
"6282","1119","beacon15","38","-99","2023-04-15 22:24:51","ha6"
"6283","1119","beacon13","37","-100","2023-04-15 22:24:53","ha6"
"6284","1120","beacon19","37","-95","2023-04-15 22:25:18","ha7"
"6285","1120","beacon15","38","-83","2023-04-15 22:25:18","ha7"
"6286","1120","beacon16","37","-89","2023-04-15 22:25:18","ha7"
"6287","1120","beacon14","38","-86","2023-04-15 22:25:19","ha7"
"6288","1120","beacon17","37","-96","2023-04-15 22:25:19","ha7"
"6289","1120","beacon18","38","-89","2023-04-15 22:25:19","ha7"
"6290","1120","beacon20","37","-100","2023-04-15 22:25:19","ha7"
"6291","1120","beacon15","38","-82","2023-04-15 22:25:21","ha7"
"6292","1120","beacon18","38","-87","2023-04-15 22:25:21","ha7"
"6293","1120","beacon17","38","-91","2023-04-15 22:25:21","ha7"
"6294","1120","beacon20","38","-97","2023-04-15 22:25:21","ha7"
"6295","1120","beacon16","38","-94","2023-04-15 22:25:21","ha7"
"6296","1120","beacon19","38","-98","2023-04-15 22:25:21","ha7"
"6297","1120","beacon13","37","-98","2023-04-15 22:25:22","ha7"
"6298","1121","beacon20","37","-97","2023-04-15 22:25:24","ha7"
"6299","1121","beacon16","37","-93","2023-04-15 22:25:24","ha7"
"6300","1121","beacon15","38","-89","2023-04-15 22:25:24","ha7"
"6301","1121","beacon14","39","-84","2023-04-15 22:25:24","ha7"
"6302","1121","beacon19","38","-100","2023-04-15 22:25:24","ha7"
"6303","1121","beacon18","38","-93","2023-04-15 22:25:25","ha7"
"6304","1121","beacon13","38","-98","2023-04-15 22:25:25","ha7"
"6305","1121","beacon17","38","-101","2023-04-15 22:25:26","ha7"
"6306","1122","beacon14","39","-85","2023-04-15 22:25:30","ha7"
"6307","1122","beacon15","38","-84","2023-04-15 22:25:30","ha7"
"6308","1122","beacon16","37","-88","2023-04-15 22:25:30","ha7"
"6309","1122","beacon17","38","-99","2023-04-15 22:25:30","ha7"
"6310","1122","beacon18","37","-97","2023-04-15 22:25:30","ha7"
"6311","1122","beacon19","38","-94","2023-04-15 22:25:30","ha7"
"6312","1122","beacon20","37","-101","2023-04-15 22:25:31","ha7"
"6313","1123","beacon19","37","-97","2023-04-15 22:25:36","ha7"
"6314","1123","beacon16","37","-84","2023-04-15 22:25:36","ha7"
"6315","1123","beacon18","39","-83","2023-04-15 22:25:36","ha7"
"6316","1123","beacon15","38","-82","2023-04-15 22:25:36","ha7"
"6317","1123","beacon17","38","-99","2023-04-15 22:25:36","ha7"
"6318","1123","beacon14","37","-88","2023-04-15 22:25:36","ha7"
"6319","1123","beacon13","37","-103","2023-04-15 22:25:36","ha7"
"6320","1123","beacon20","37","-100","2023-04-15 22:25:37","ha7"
"6321","1124","beacon16","37","-89","2023-04-15 22:25:42","ha7"
"6322","1124","beacon15","38","-90","2023-04-15 22:25:42","ha7"
"6323","1124","beacon20","38","-96","2023-04-15 22:25:42","ha7"
"6324","1124","beacon19","37","-94","2023-04-15 22:25:42","ha7"
"6325","1124","beacon17","38","-96","2023-04-15 22:25:42","ha7"
"6326","1124","beacon14","37","-97","2023-04-15 22:25:42","ha7"
"6327","1124","beacon18","37","-93","2023-04-15 22:25:42","ha7"
"6328","1124","beacon11","38","-100","2023-04-15 22:25:42","ha7"
"6329","1124","beacon13","37","-100","2023-04-15 22:25:44","ha7"
"6330","1125","beacon14","37","-96","2023-04-15 22:30:29","ki1"
"6331","1125","beacon16","38","-101","2023-04-15 22:30:29","ki1"
"6332","1125","beacon19","38","-88","2023-04-15 22:30:29","ki1"
"6333","1125","beacon15","38","-91","2023-04-15 22:30:30","ki1"
"6334","1125","beacon18","37","-97","2023-04-15 22:30:31","ki1"
"6335","1125","beacon17","37","-98","2023-04-15 22:30:31","ki1"
"6336","1126","beacon14","37","-91","2023-04-15 22:30:35","ki1"
"6337","1126","beacon19","39","-84","2023-04-15 22:30:35","ki1"
"6338","1126","beacon15","37","-98","2023-04-15 22:30:35","ki1"
"6339","1126","beacon17","37","-98","2023-04-15 22:30:36","ki1"
"6340","1126","beacon16","37","-97","2023-04-15 22:30:36","ki1"
"6341","1126","beacon13","37","-99","2023-04-15 22:30:36","ki1"
"6342","1126","beacon18","37","-99","2023-04-15 22:30:37","ki1"
"6343","1127","beacon13","37","-95","2023-04-15 22:30:41","ki1"
"6344","1127","beacon14","37","-86","2023-04-15 22:30:41","ki1"
"6345","1127","beacon18","37","-100","2023-04-15 22:30:41","ki1"
"6346","1127","beacon16","38","-98","2023-04-15 22:30:41","ki1"
"6347","1127","beacon15","37","-96","2023-04-15 22:30:41","ki1"
"6348","1127","beacon19","37","-85","2023-04-15 22:30:41","ki1"
"6349","1127","beacon17","37","-98","2023-04-15 22:30:43","ki1"
"6350","1128","beacon14","37","-97","2023-04-15 22:30:47","ki1"
"6351","1128","beacon16","38","-94","2023-04-15 22:30:47","ki1"
"6352","1128","beacon15","37","-89","2023-04-15 22:30:47","ki1"
"6353","1128","beacon13","38","-103","2023-04-15 22:30:48","ki1"
"6354","1128","beacon19","37","-84","2023-04-15 22:30:48","ki1"
"6355","1128","beacon18","37","-98","2023-04-15 22:30:49","ki1"
"6356","1128","beacon17","37","-104","2023-04-15 22:30:50","ki1"
"6357","1129","beacon14","38","-86","2023-04-15 22:30:53","ki1"
"6358","1129","beacon15","37","-87","2023-04-15 22:30:54","ki1"
"6359","1129","beacon18","38","-100","2023-04-15 22:30:54","ki1"
"6360","1129","beacon16","37","-94","2023-04-15 22:30:54","ki1"
"6361","1129","beacon19","39","-83","2023-04-15 22:30:55","ki1"
"6362","1129","beacon13","37","-100","2023-04-15 22:30:56","ki1"
"6363","1129","beacon17","38","-100","2023-04-15 22:30:57","ki1"
"6364","1130","beacon16","37","-98","2023-04-15 22:31:21","ki2"
"6365","1130","beacon19","37","-81","2023-04-15 22:31:21","ki2"
"6366","1130","beacon14","37","-93","2023-04-15 22:31:21","ki2"
"6367","1130","beacon15","37","-95","2023-04-15 22:31:22","ki2"
"6368","1130","beacon20","37","-97","2023-04-15 22:31:22","ki2"
"6369","1130","beacon13","37","-97","2023-04-15 22:31:23","ki2"
"6370","1130","beacon12","38","-100","2023-04-15 22:31:24","ki2"
"6371","1130","beacon18","37","-96","2023-04-15 22:31:24","ki2"
"6372","1131","beacon15","38","-96","2023-04-15 22:31:27","ki2"
"6373","1131","beacon19","38","-85","2023-04-15 22:31:27","ki2"
"6374","1131","beacon13","37","-95","2023-04-15 22:31:27","ki2"
"6375","1131","beacon18","37","-94","2023-04-15 22:31:27","ki2"
"6376","1131","beacon14","37","-95","2023-04-15 22:31:27","ki2"
"6377","1131","beacon20","37","-99","2023-04-15 22:31:28","ki2"
"6378","1131","beacon12","38","-100","2023-04-15 22:31:28","ki2"
"6379","1131","beacon17","38","-100","2023-04-15 22:31:28","ki2"
"6380","1131","beacon16","37","-100","2023-04-15 22:31:30","ki2"
"6381","1132","beacon19","37","-90","2023-04-15 22:31:33","ki2"
"6382","1132","beacon13","37","-102","2023-04-15 22:31:33","ki2"
"6383","1132","beacon14","37","-97","2023-04-15 22:31:33","ki2"
"6384","1132","beacon15","37","-95","2023-04-15 22:31:33","ki2"
"6385","1132","beacon18","38","-98","2023-04-15 22:31:34","ki2"
"6386","1132","beacon16","37","-96","2023-04-15 22:31:34","ki2"
"6387","1132","beacon17","38","-99","2023-04-15 22:31:34","ki2"
"6388","1132","beacon20","38","-97","2023-04-15 22:31:34","ki2"
"6389","1133","beacon19","37","-81","2023-04-15 22:31:39","ki2"
"6390","1133","beacon13","37","-99","2023-04-15 22:31:39","ki2"
"6391","1133","beacon15","37","-99","2023-04-15 22:31:39","ki2"
"6392","1133","beacon14","38","-92","2023-04-15 22:31:39","ki2"
"6393","1133","beacon20","37","-92","2023-04-15 22:31:40","ki2"
"6394","1133","beacon18","37","-99","2023-04-15 22:31:41","ki2"
"6395","1133","beacon17","37","-104","2023-04-15 22:31:41","ki2"
"6396","1133","beacon16","38","-100","2023-04-15 22:31:42","ki2"
"6397","1134","beacon19","37","-85","2023-04-15 22:31:45","ki2"
"6398","1134","beacon20","38","-98","2023-04-15 22:31:45","ki2"
"6399","1134","beacon13","37","-92","2023-04-15 22:31:45","ki2"
"6400","1134","beacon14","37","-96","2023-04-15 22:31:45","ki2"
"6401","1134","beacon15","38","-88","2023-04-15 22:31:46","ki2"
"6402","1134","beacon18","37","-98","2023-04-15 22:31:47","ki2"
"6403","1134","beacon17","37","-95","2023-04-15 22:31:48","ki2"
"6404","1135","beacon15","37","-92","2023-04-15 22:32:13","ki3"
"6405","1135","beacon19","37","-82","2023-04-15 22:32:13","ki3"
"6406","1135","beacon16","37","-100","2023-04-15 22:32:13","ki3"
"6407","1135","beacon13","37","-98","2023-04-15 22:32:14","ki3"
"6408","1135","beacon14","37","-95","2023-04-15 22:32:14","ki3"
"6409","1135","beacon19","39","-83","2023-04-15 22:32:14","ki3"
"6410","1135","beacon18","37","-95","2023-04-15 22:32:14","ki3"
"6411","1135","beacon15","37","-94","2023-04-15 22:32:14","ki3"
"6412","1135","beacon14","38","-95","2023-04-15 22:32:14","ki3"
"6413","1135","beacon16","37","-96","2023-04-15 22:32:15","ki3"
"6414","1135","beacon17","38","-97","2023-04-15 22:32:15","ki3"
"6415","1135","beacon13","37","-94","2023-04-15 22:32:15","ki3"
"6416","1136","beacon15","37","-98","2023-04-15 22:32:19","ki3"
"6417","1136","beacon19","37","-80","2023-04-15 22:32:19","ki3"
"6418","1136","beacon17","37","-98","2023-04-15 22:32:19","ki3"
"6419","1136","beacon13","38","-98","2023-04-15 22:32:19","ki3"
"6420","1136","beacon16","37","-99","2023-04-15 22:32:19","ki3"
"6421","1136","beacon14","38","-93","2023-04-15 22:32:20","ki3"
"6422","1136","beacon20","38","-101","2023-04-15 22:32:21","ki3"
"6423","1136","beacon18","37","-97","2023-04-15 22:32:21","ki3"
"6424","1137","beacon15","38","-91","2023-04-15 22:32:25","ki3"
"6425","1137","beacon19","37","-92","2023-04-15 22:32:25","ki3"
"6426","1137","beacon16","37","-93","2023-04-15 22:32:25","ki3"
"6427","1137","beacon17","38","-95","2023-04-15 22:32:25","ki3"
"6428","1137","beacon14","37","-97","2023-04-15 22:32:25","ki3"
"6429","1137","beacon18","37","-103","2023-04-15 22:32:26","ki3"
"6430","1137","beacon13","37","-99","2023-04-15 22:32:28","ki3"
"6431","1138","beacon19","37","-78","2023-04-15 22:32:31","ki3"
"6432","1138","beacon15","37","-89","2023-04-15 22:32:31","ki3"
"6433","1138","beacon17","37","-105","2023-04-15 22:32:31","ki3"
"6434","1138","beacon14","37","-97","2023-04-15 22:32:32","ki3"
"6435","1138","beacon18","37","-98","2023-04-15 22:32:32","ki3"
"6436","1138","beacon16","38","-98","2023-04-15 22:32:33","ki3"
"6437","1138","beacon13","38","-99","2023-04-15 22:32:34","ki3"
"6438","1139","beacon19","37","-77","2023-04-15 22:32:37","ki3"
"6439","1139","beacon17","38","-99","2023-04-15 22:32:37","ki3"
"6440","1139","beacon18","38","-98","2023-04-15 22:32:37","ki3"
"6441","1139","beacon15","38","-97","2023-04-15 22:32:37","ki3"
"6442","1139","beacon14","37","-96","2023-04-15 22:32:38","ki3"
"6443","1139","beacon16","38","-97","2023-04-15 22:32:38","ki3"
"6444","1139","beacon13","38","-96","2023-04-15 22:32:38","ki3"
"6445","1140","beacon16","38","-99","2023-04-15 22:33:05","ki4"
"6446","1140","beacon15","37","-97","2023-04-15 22:33:05","ki4"
"6447","1140","beacon17","37","-94","2023-04-15 22:33:05","ki4"
"6448","1140","beacon14","38","-105","2023-04-15 22:33:05","ki4"
"6449","1140","beacon13","38","-100","2023-04-15 22:33:05","ki4"
"6450","1140","beacon20","37","-100","2023-04-15 22:33:05","ki4"
"6451","1140","beacon18","38","-98","2023-04-15 22:33:05","ki4"
"6452","1140","beacon19","37","-84","2023-04-15 22:33:05","ki4"
"6453","1141","beacon15","37","-94","2023-04-15 22:33:11","ki4"
"6454","1141","beacon17","37","-94","2023-04-15 22:33:11","ki4"
"6455","1141","beacon19","39","-80","2023-04-15 22:33:11","ki4"
"6456","1141","beacon16","37","-93","2023-04-15 22:33:12","ki4"
"6457","1141","beacon14","37","-95","2023-04-15 22:33:12","ki4"
"6458","1141","beacon13","37","-102","2023-04-15 22:33:12","ki4"
"6459","1141","beacon18","37","-98","2023-04-15 22:33:12","ki4"
"6460","1141","beacon20","37","-101","2023-04-15 22:33:14","ki4"
"6461","1142","beacon15","37","-94","2023-04-15 22:33:17","ki4"
"6462","1142","beacon14","38","-94","2023-04-15 22:33:17","ki4"
"6463","1142","beacon17","37","-98","2023-04-15 22:33:17","ki4"
"6464","1142","beacon19","37","-82","2023-04-15 22:33:18","ki4"
"6465","1142","beacon16","37","-93","2023-04-15 22:33:18","ki4"
"6466","1142","beacon20","38","-102","2023-04-15 22:33:20","ki4"
"6467","1142","beacon18","37","-96","2023-04-15 22:33:20","ki4"
"6468","1142","beacon13","38","-99","2023-04-15 22:33:20","ki4"
"6469","1143","beacon15","37","-91","2023-04-15 22:33:23","ki4"
"6470","1143","beacon18","37","-100","2023-04-15 22:33:23","ki4"
"6471","1143","beacon19","39","-89","2023-04-15 22:33:23","ki4"
"6472","1143","beacon17","37","-100","2023-04-15 22:33:23","ki4"
"6473","1143","beacon20","37","-101","2023-04-15 22:33:23","ki4"
"6474","1143","beacon14","37","-88","2023-04-15 22:33:24","ki4"
"6475","1143","beacon16","38","-96","2023-04-15 22:33:24","ki4"
"6476","1143","beacon13","37","-97","2023-04-15 22:33:25","ki4"
"6477","1144","beacon15","37","-96","2023-04-15 22:33:29","ki4"
"6478","1144","beacon19","39","-78","2023-04-15 22:33:29","ki4"
"6479","1144","beacon17","37","-99","2023-04-15 22:33:29","ki4"
"6480","1144","beacon16","37","-96","2023-04-15 22:33:30","ki4"
"6481","1144","beacon13","37","-98","2023-04-15 22:33:30","ki4"
"6482","1144","beacon14","37","-97","2023-04-15 22:33:30","ki4"
"6483","1144","beacon18","38","-98","2023-04-15 22:33:31","ki4"
"6484","1144","beacon20","38","-98","2023-04-15 22:33:32","ki4"
"6485","1145","beacon13","37","-87","2023-04-15 22:36:36","li1"
"6486","1145","beacon14","38","-102","2023-04-15 22:36:37","li1"
"6487","1145","beacon20","39","-85","2023-04-15 22:36:37","li1"
"6488","1145","beacon12","37","-98","2023-04-15 22:36:37","li1"
"6489","1145","beacon11","37","-100","2023-04-15 22:36:38","li1"
"6490","1145","beacon19","37","-103","2023-04-15 22:36:39","li1"
"6491","1145","beacon16","38","-103","2023-04-15 22:36:39","li1"
"6492","1146","beacon11","37","-96","2023-04-15 22:36:42","li1"
"6493","1146","beacon13","37","-83","2023-04-15 22:36:42","li1"
"6494","1146","beacon14","37","-97","2023-04-15 22:36:42","li1"
"6495","1146","beacon20","37","-83","2023-04-15 22:36:43","li1"
"6496","1146","beacon12","38","-99","2023-04-15 22:36:43","li1"
"6497","1146","beacon19","37","-96","2023-04-15 22:36:43","li1"
"6498","1147","beacon14","37","-94","2023-04-15 22:36:48","li1"
"6499","1147","beacon13","37","-81","2023-04-15 22:36:48","li1"
"6500","1147","beacon19","38","-101","2023-04-15 22:36:48","li1"
"6501","1147","beacon11","38","-97","2023-04-15 22:36:48","li1"
"6502","1147","beacon20","37","-82","2023-04-15 22:36:49","li1"
"6503","1147","beacon12","37","-96","2023-04-15 22:36:49","li1"
"6504","1148","beacon14","37","-93","2023-04-15 22:36:54","li1"
"6505","1148","beacon13","37","-82","2023-04-15 22:36:54","li1"
"6506","1148","beacon11","38","-96","2023-04-15 22:36:54","li1"
"6507","1148","beacon12","37","-97","2023-04-15 22:36:55","li1"
"6508","1148","beacon20","37","-96","2023-04-15 22:36:55","li1"
"6509","1148","beacon19","37","-99","2023-04-15 22:36:55","li1"
"6510","1149","beacon20","39","-83","2023-04-15 22:37:00","li1"
"6511","1149","beacon13","37","-80","2023-04-15 22:37:00","li1"
"6512","1149","beacon11","38","-99","2023-04-15 22:37:00","li1"
"6513","1149","beacon14","38","-92","2023-04-15 22:37:01","li1"
"6514","1149","beacon12","38","-95","2023-04-15 22:37:01","li1"
"6515","1149","beacon19","37","-98","2023-04-15 22:37:03","li1"
"6516","1150","beacon19","37","-94","2023-04-15 22:37:28","li2"
"6517","1150","beacon12","37","-96","2023-04-15 22:37:28","li2"
"6518","1150","beacon20","37","-87","2023-04-15 22:37:28","li2"
"6519","1150","beacon14","37","-95","2023-04-15 22:37:29","li2"
"6520","1150","beacon13","37","-78","2023-04-15 22:37:29","li2"
"6521","1151","beacon12","37","-94","2023-04-15 22:37:34","li2"
"6522","1151","beacon20","37","-84","2023-04-15 22:37:34","li2"
"6523","1151","beacon19","37","-100","2023-04-15 22:37:34","li2"
"6524","1151","beacon13","39","-81","2023-04-15 22:37:35","li2"
"6525","1151","beacon14","37","-92","2023-04-15 22:37:35","li2"
"6526","1151","beacon15","38","-99","2023-04-15 22:37:37","li2"
"6527","1152","beacon20","38","-91","2023-04-15 22:37:40","li2"
"6528","1152","beacon19","37","-94","2023-04-15 22:37:40","li2"
"6529","1152","beacon14","37","-98","2023-04-15 22:37:41","li2"
"6530","1152","beacon13","37","-80","2023-04-15 22:37:41","li2"
"6531","1152","beacon12","37","-90","2023-04-15 22:37:41","li2"
"6532","1153","beacon19","37","-97","2023-04-15 22:37:46","li2"
"6533","1153","beacon11","37","-100","2023-04-15 22:37:46","li2"
"6534","1153","beacon12","38","-98","2023-04-15 22:37:46","li2"
"6535","1153","beacon16","38","-101","2023-04-15 22:37:47","li2"
"6536","1153","beacon14","38","-87","2023-04-15 22:37:47","li2"
"6537","1153","beacon20","37","-91","2023-04-15 22:37:47","li2"
"6538","1153","beacon13","38","-75","2023-04-15 22:37:48","li2"
"6539","1154","beacon12","37","-99","2023-04-15 22:37:52","li2"
"6540","1154","beacon19","37","-99","2023-04-15 22:37:52","li2"
"6541","1154","beacon20","38","-84","2023-04-15 22:37:52","li2"
"6542","1154","beacon14","37","-96","2023-04-15 22:37:53","li2"
"6543","1154","beacon13","37","-77","2023-04-15 22:37:53","li2"
"6544","1154","beacon11","37","-99","2023-04-15 22:37:56","li2"
"6545","1155","beacon11","38","-98","2023-04-15 22:38:20","li3"
"6546","1155","beacon13","38","-87","2023-04-15 22:38:20","li3"
"6547","1155","beacon20","37","-98","2023-04-15 22:38:20","li3"
"6548","1155","beacon14","38","-96","2023-04-15 22:38:20","li3"
"6549","1155","beacon12","38","-96","2023-04-15 22:38:21","li3"
"6550","1155","beacon20","39","-84","2023-04-15 22:38:21","li3"
"6551","1155","beacon13","37","-95","2023-04-15 22:38:21","li3"
"6552","1155","beacon14","37","-98","2023-04-15 22:38:21","li3"
"6553","1155","beacon12","37","-92","2023-04-15 22:38:22","li3"
"6554","1155","beacon19","37","-91","2023-04-15 22:38:22","li3"
"6555","1155","beacon11","38","-94","2023-04-15 22:38:23","li3"
"6556","1156","beacon20","37","-98","2023-04-15 22:38:26","li3"
"6557","1156","beacon12","37","-99","2023-04-15 22:38:26","li3"
"6558","1156","beacon19","37","-99","2023-04-15 22:38:27","li3"
"6559","1156","beacon14","37","-93","2023-04-15 22:38:27","li3"
"6560","1156","beacon13","37","-84","2023-04-15 22:38:27","li3"
"6561","1156","beacon11","38","-93","2023-04-15 22:38:27","li3"
"6562","1157","beacon12","37","-99","2023-04-15 22:38:32","li3"
"6563","1157","beacon20","37","-93","2023-04-15 22:38:32","li3"
"6564","1157","beacon13","38","-84","2023-04-15 22:38:32","li3"
"6565","1157","beacon11","38","-99","2023-04-15 22:38:32","li3"
"6566","1157","beacon14","38","-94","2023-04-15 22:38:33","li3"
"6567","1157","beacon19","38","-95","2023-04-15 22:38:33","li3"
"6568","1158","beacon20","37","-93","2023-04-15 22:38:38","li3"
"6569","1158","beacon13","38","-83","2023-04-15 22:38:38","li3"
"6570","1158","beacon14","38","-97","2023-04-15 22:38:38","li3"
"6571","1158","beacon19","37","-100","2023-04-15 22:38:38","li3"
"6572","1158","beacon12","38","-94","2023-04-15 22:38:39","li3"
"6573","1158","beacon11","37","-99","2023-04-15 22:38:39","li3"
"6574","1159","beacon20","37","-84","2023-04-15 22:38:44","li3"
"6575","1159","beacon12","37","-94","2023-04-15 22:38:44","li3"
"6576","1159","beacon13","38","-81","2023-04-15 22:38:44","li3"
"6577","1159","beacon14","38","-94","2023-04-15 22:38:44","li3"
"6578","1159","beacon19","37","-98","2023-04-15 22:38:44","li3"
"6579","1159","beacon11","38","-95","2023-04-15 22:38:46","li3"
"6580","1160","beacon11","38","-98","2023-04-15 22:39:12","li4"
"6581","1160","beacon20","39","-82","2023-04-15 22:39:12","li4"
"6582","1160","beacon12","37","-97","2023-04-15 22:39:13","li4"
"6583","1160","beacon13","38","-88","2023-04-15 22:39:13","li4"
"6584","1160","beacon19","37","-100","2023-04-15 22:39:13","li4"
"6585","1160","beacon14","37","-93","2023-04-15 22:39:14","li4"
"6586","1161","beacon14","37","-93","2023-04-15 22:39:18","li4"
"6587","1161","beacon13","37","-81","2023-04-15 22:39:18","li4"
"6588","1161","beacon20","37","-91","2023-04-15 22:39:19","li4"
"6589","1161","beacon12","38","-97","2023-04-15 22:39:19","li4"
"6590","1161","beacon11","37","-96","2023-04-15 22:39:19","li4"
"6591","1161","beacon19","37","-102","2023-04-15 22:39:20","li4"
"6592","1162","beacon13","37","-84","2023-04-15 22:39:24","li4"
"6593","1162","beacon11","38","-101","2023-04-15 22:39:24","li4"
"6594","1162","beacon14","37","-100","2023-04-15 22:39:24","li4"
"6595","1162","beacon20","37","-86","2023-04-15 22:39:25","li4"
"6596","1162","beacon19","37","-101","2023-04-15 22:39:25","li4"
"6597","1162","beacon12","38","-99","2023-04-15 22:39:26","li4"
"6598","1163","beacon13","37","-95","2023-04-15 22:39:30","li4"
"6599","1163","beacon14","37","-96","2023-04-15 22:39:32","li4"
"6600","1163","beacon19","38","-101","2023-04-15 22:39:32","li4"
"6601","1163","beacon20","39","-83","2023-04-15 22:39:32","li4"
"6602","1163","beacon12","38","-95","2023-04-15 22:39:32","li4"
"6603","1163","beacon11","38","-102","2023-04-15 22:39:32","li4"
"6604","1164","beacon13","37","-86","2023-04-15 22:39:36","li4"
"6605","1164","beacon14","37","-93","2023-04-15 22:39:36","li4"
"6606","1164","beacon20","37","-82","2023-04-15 22:39:37","li4"
"6607","1164","beacon12","37","-95","2023-04-15 22:39:37","li4"
"6608","1164","beacon19","38","-98","2023-04-15 22:39:38","li4"
"6609","1164","beacon11","37","-93","2023-04-15 22:39:39","li4"
"6610","1165","beacon16","37","-81","2023-04-15 22:51:26","sa1"
"6611","1165","beacon14","37","-100","2023-04-15 22:51:26","sa1"
"6612","1165","beacon19","38","-99","2023-04-15 22:51:26","sa1"
"6613","1165","beacon18","37","-82","2023-04-15 22:51:26","sa1"
"6614","1165","beacon15","37","-91","2023-04-15 22:51:26","sa1"
"6615","1165","beacon17","38","-93","2023-04-15 22:51:28","sa1"
"6616","1166","beacon16","37","-72","2023-04-15 22:51:32","sa1"
"6617","1166","beacon14","37","-99","2023-04-15 22:51:32","sa1"
"6618","1166","beacon17","38","-95","2023-04-15 22:51:32","sa1"
"6619","1166","beacon19","38","-93","2023-04-15 22:51:32","sa1"
"6620","1166","beacon18","37","-84","2023-04-15 22:51:32","sa1"
"6621","1166","beacon15","37","-93","2023-04-15 22:51:32","sa1"
"6622","1167","beacon16","37","-70","2023-04-15 22:51:37","sa1"
"6623","1167","beacon15","37","-91","2023-04-15 22:51:38","sa1"
"6624","1167","beacon18","37","-92","2023-04-15 22:51:38","sa1"
"6625","1167","beacon19","37","-97","2023-04-15 22:51:39","sa1"
"6626","1167","beacon14","38","-100","2023-04-15 22:51:40","sa1"
"6627","1167","beacon17","37","-98","2023-04-15 22:51:40","sa1"
"6628","1168","beacon19","38","-90","2023-04-15 22:51:44","sa1"
"6629","1168","beacon18","37","-89","2023-04-15 22:51:44","sa1"
"6630","1168","beacon16","38","-71","2023-04-15 22:51:44","sa1"
"6631","1168","beacon15","37","-96","2023-04-15 22:51:44","sa1"
"6632","1168","beacon17","37","-99","2023-04-15 22:51:44","sa1"
"6633","1168","beacon14","38","-97","2023-04-15 22:51:44","sa1"
"6634","1169","beacon16","38","-75","2023-04-15 22:51:50","sa1"
"6635","1169","beacon14","37","-98","2023-04-15 22:51:50","sa1"
"6636","1169","beacon18","37","-85","2023-04-15 22:51:50","sa1"
"6637","1169","beacon13","38","-99","2023-04-15 22:51:51","sa1"
"6638","1169","beacon15","38","-97","2023-04-15 22:51:51","sa1"
"6639","1169","beacon19","37","-97","2023-04-15 22:51:51","sa1"
"6640","1169","beacon17","38","-105","2023-04-15 22:51:51","sa1"
"6641","1170","beacon17","37","-89","2023-04-15 22:52:18","sa2"
"6642","1170","beacon19","37","-88","2023-04-15 22:52:18","sa2"
"6643","1170","beacon16","37","-94","2023-04-15 22:52:18","sa2"
"6644","1170","beacon15","38","-89","2023-04-15 22:52:18","sa2"
"6645","1170","beacon18","38","-99","2023-04-15 22:52:18","sa2"
"6646","1170","beacon14","37","-94","2023-04-15 22:52:18","sa2"
"6647","1171","beacon19","37","-94","2023-04-15 22:52:25","sa2"
"6648","1171","beacon16","37","-84","2023-04-15 22:52:25","sa2"
"6649","1171","beacon15","38","-97","2023-04-15 22:52:25","sa2"
"6650","1171","beacon17","38","-98","2023-04-15 22:52:25","sa2"
"6651","1171","beacon18","38","-92","2023-04-15 22:52:25","sa2"
"6652","1171","beacon14","37","-94","2023-04-15 22:52:25","sa2"
"6653","1172","beacon16","37","-88","2023-04-15 22:52:30","sa2"
"6654","1172","beacon19","37","-94","2023-04-15 22:52:30","sa2"
"6655","1172","beacon17","37","-93","2023-04-15 22:52:30","sa2"
"6656","1172","beacon15","38","-89","2023-04-15 22:52:30","sa2"
"6657","1172","beacon18","38","-91","2023-04-15 22:52:30","sa2"
"6658","1172","beacon14","37","-95","2023-04-15 22:52:30","sa2"
"6659","1173","beacon19","37","-90","2023-04-15 22:52:36","sa2"
"6660","1173","beacon16","37","-76","2023-04-15 22:52:36","sa2"
"6661","1173","beacon15","38","-89","2023-04-15 22:52:36","sa2"
"6662","1173","beacon17","38","-97","2023-04-15 22:52:36","sa2"
"6663","1173","beacon14","37","-95","2023-04-15 22:52:36","sa2"
"6664","1173","beacon18","37","-93","2023-04-15 22:52:37","sa2"
"6665","1174","beacon17","37","-93","2023-04-15 22:52:42","sa2"
"6666","1174","beacon19","37","-89","2023-04-15 22:52:42","sa2"
"6667","1174","beacon16","37","-77","2023-04-15 22:52:42","sa2"
"6668","1174","beacon18","38","-91","2023-04-15 22:52:42","sa2"
"6669","1174","beacon15","38","-81","2023-04-15 22:52:42","sa2"
"6670","1174","beacon14","37","-99","2023-04-15 22:52:42","sa2"
"6671","1175","beacon14","38","-92","2023-04-15 22:53:10","sa3"
"6672","1175","beacon15","37","-95","2023-04-15 22:53:10","sa3"
"6673","1175","beacon17","37","-97","2023-04-15 22:53:10","sa3"
"6674","1175","beacon16","39","-84","2023-04-15 22:53:10","sa3"
"6675","1175","beacon18","38","-95","2023-04-15 22:53:10","sa3"
"6676","1175","beacon19","38","-101","2023-04-15 22:53:11","sa3"
"6677","1175","beacon14","37","-96","2023-04-15 22:53:11","sa3"
"6678","1175","beacon18","37","-88","2023-04-15 22:53:11","sa3"
"6679","1175","beacon15","37","-91","2023-04-15 22:53:11","sa3"
"6680","1175","beacon16","39","-80","2023-04-15 22:53:11","sa3"
"6681","1175","beacon17","37","-91","2023-04-15 22:53:11","sa3"
"6682","1175","beacon19","37","-93","2023-04-15 22:53:12","sa3"
"6683","1176","beacon15","37","-88","2023-04-15 22:53:16","sa3"
"6684","1176","beacon17","37","-93","2023-04-15 22:53:16","sa3"
"6685","1176","beacon18","37","-94","2023-04-15 22:53:16","sa3"
"6686","1176","beacon16","39","-80","2023-04-15 22:53:16","sa3"
"6687","1176","beacon19","38","-97","2023-04-15 22:53:16","sa3"
"6688","1176","beacon14","37","-90","2023-04-15 22:53:17","sa3"
"6689","1177","beacon17","37","-89","2023-04-15 22:53:23","sa3"
"6690","1177","beacon18","37","-93","2023-04-15 22:53:23","sa3"
"6691","1177","beacon15","37","-98","2023-04-15 22:53:23","sa3"
"6692","1177","beacon19","37","-95","2023-04-15 22:53:23","sa3"
"6693","1177","beacon16","37","-90","2023-04-15 22:53:23","sa3"
"6694","1177","beacon14","37","-97","2023-04-15 22:53:23","sa3"
"6695","1178","beacon14","38","-96","2023-04-15 22:53:29","sa3"
"6696","1178","beacon18","38","-90","2023-04-15 22:53:29","sa3"
"6697","1178","beacon15","38","-95","2023-04-15 22:53:29","sa3"
"6698","1178","beacon17","38","-94","2023-04-15 22:53:29","sa3"
"6699","1178","beacon16","37","-92","2023-04-15 22:53:29","sa3"
"6700","1178","beacon19","37","-95","2023-04-15 22:53:29","sa3"
"6701","1179","beacon17","37","-93","2023-04-15 22:53:34","sa3"
"6702","1179","beacon18","37","-88","2023-04-15 22:53:34","sa3"
"6703","1179","beacon16","39","-88","2023-04-15 22:53:34","sa3"
"6704","1179","beacon15","38","-90","2023-04-15 22:53:34","sa3"
"6705","1179","beacon14","37","-96","2023-04-15 22:53:35","sa3"
"6706","1179","beacon19","37","-98","2023-04-15 22:53:36","sa3"
"6707","1180","beacon19","38","-97","2023-04-15 22:54:02","sa4"
"6708","1180","beacon16","38","-89","2023-04-15 22:54:02","sa4"
"6709","1180","beacon15","37","-92","2023-04-15 22:54:02","sa4"
"6710","1180","beacon17","37","-85","2023-04-15 22:54:02","sa4"
"6711","1180","beacon18","38","-95","2023-04-15 22:54:03","sa4"
"6712","1180","beacon14","38","-100","2023-04-15 22:54:04","sa4"
"6713","1181","beacon16","38","-98","2023-04-15 22:54:08","sa4"
"6714","1181","beacon19","38","-99","2023-04-15 22:54:08","sa4"
"6715","1181","beacon17","39","-74","2023-04-15 22:54:08","sa4"
"6716","1181","beacon18","37","-97","2023-04-15 22:54:08","sa4"
"6717","1181","beacon15","38","-97","2023-04-15 22:54:09","sa4"
"6718","1182","beacon17","39","-83","2023-04-15 22:54:14","sa4"
"6719","1182","beacon15","37","-93","2023-04-15 22:54:14","sa4"
"6720","1182","beacon14","38","-95","2023-04-15 22:54:14","sa4"
"6721","1182","beacon18","38","-99","2023-04-15 22:54:15","sa4"
"6722","1182","beacon19","37","-94","2023-04-15 22:54:15","sa4"
"6723","1182","beacon16","37","-95","2023-04-15 22:54:15","sa4"
"6724","1183","beacon19","38","-102","2023-04-15 22:54:21","sa4"
"6725","1183","beacon14","37","-98","2023-04-15 22:54:21","sa4"
"6726","1183","beacon16","38","-87","2023-04-15 22:54:21","sa4"
"6727","1183","beacon15","37","-100","2023-04-15 22:54:21","sa4"
"6728","1183","beacon17","37","-98","2023-04-15 22:54:21","sa4"
"6729","1183","beacon18","37","-99","2023-04-15 22:54:21","sa4"
"6730","1184","beacon16","38","-93","2023-04-15 22:54:26","sa4"
"6731","1184","beacon17","37","-83","2023-04-15 22:54:26","sa4"
"6732","1184","beacon15","37","-93","2023-04-15 22:54:26","sa4"
"6733","1184","beacon19","37","-96","2023-04-15 22:54:26","sa4"
"6734","1184","beacon18","38","-92","2023-04-15 22:54:27","sa4"
"6735","1184","beacon14","38","-98","2023-04-15 22:54:28","sa4"
"6736","1185","beacon19","37","-97","2023-04-15 22:54:54","sa5"
"6737","1185","beacon17","38","-96","2023-04-15 22:54:54","sa5"
"6738","1185","beacon15","38","-87","2023-04-15 22:54:54","sa5"
"6739","1185","beacon18","38","-83","2023-04-15 22:54:54","sa5"
"6740","1185","beacon16","38","-79","2023-04-15 22:54:54","sa5"
"6741","1185","beacon14","38","-101","2023-04-15 22:54:55","sa5"
"6742","1185","beacon16","37","-89","2023-04-15 22:54:57","sa5"
"6743","1185","beacon18","38","-93","2023-04-15 22:54:57","sa5"
"6744","1185","beacon15","38","-98","2023-04-15 22:54:57","sa5"
"6745","1185","beacon19","38","-92","2023-04-15 22:54:57","sa5"
"6746","1186","beacon16","37","-86","2023-04-15 22:55:00","sa5"
"6747","1186","beacon15","38","-92","2023-04-15 22:55:00","sa5"
"6748","1186","beacon18","38","-84","2023-04-15 22:55:00","sa5"
"6749","1186","beacon17","38","-93","2023-04-15 22:55:00","sa5"
"6750","1186","beacon19","37","-96","2023-04-15 22:55:00","sa5"
"6751","1186","beacon14","37","-100","2023-04-15 22:55:00","sa5"
"6752","1187","beacon19","37","-98","2023-04-15 22:55:06","sa5"
"6753","1187","beacon16","37","-88","2023-04-15 22:55:06","sa5"
"6754","1187","beacon18","37","-86","2023-04-15 22:55:06","sa5"
"6755","1187","beacon15","37","-94","2023-04-15 22:55:07","sa5"
"6756","1187","beacon17","37","-95","2023-04-15 22:55:07","sa5"
"6757","1187","beacon14","38","-95","2023-04-15 22:55:08","sa5"
"6758","1188","beacon16","37","-90","2023-04-15 22:55:12","sa5"
"6759","1188","beacon19","37","-98","2023-04-15 22:55:12","sa5"
"6760","1188","beacon18","37","-84","2023-04-15 22:55:12","sa5"
"6761","1188","beacon17","38","-96","2023-04-15 22:55:13","sa5"
"6762","1188","beacon15","38","-98","2023-04-15 22:55:13","sa5"
"6763","1189","beacon16","37","-86","2023-04-15 22:55:18","sa5"
"6764","1189","beacon19","37","-96","2023-04-15 22:55:18","sa5"
"6765","1189","beacon15","38","-93","2023-04-15 22:55:18","sa5"
"6766","1189","beacon14","38","-100","2023-04-15 22:55:19","sa5"
"6767","1189","beacon18","39","-90","2023-04-15 22:55:19","sa5"
"6768","1189","beacon17","38","-95","2023-04-15 22:55:21","sa5"
"6769","1190","beacon14","38","-96","2023-04-15 22:55:46","sa6"
"6770","1190","beacon18","37","-79","2023-04-15 22:55:46","sa6"
"6771","1190","beacon19","37","-94","2023-04-15 22:55:46","sa6"
"6772","1190","beacon15","38","-95","2023-04-15 22:55:46","sa6"
"6773","1190","beacon17","38","-95","2023-04-15 22:55:46","sa6"
"6774","1190","beacon16","37","-81","2023-04-15 22:55:46","sa6"
"6775","1191","beacon15","37","-100","2023-04-15 22:55:52","sa6"
"6776","1191","beacon17","37","-96","2023-04-15 22:55:52","sa6"
"6777","1191","beacon18","37","-83","2023-04-15 22:55:52","sa6"
"6778","1191","beacon19","37","-94","2023-04-15 22:55:52","sa6"
"6779","1191","beacon16","37","-93","2023-04-15 22:55:52","sa6"
"6780","1191","beacon14","37","-95","2023-04-15 22:55:53","sa6"
"6781","1192","beacon15","37","-94","2023-04-15 22:55:58","sa6"
"6782","1192","beacon18","37","-87","2023-04-15 22:55:58","sa6"
"6783","1192","beacon16","37","-85","2023-04-15 22:55:58","sa6"
"6784","1192","beacon19","37","-95","2023-04-15 22:55:58","sa6"
"6785","1192","beacon14","37","-94","2023-04-15 22:55:58","sa6"
"6786","1192","beacon17","37","-97","2023-04-15 22:55:59","sa6"
"6787","1193","beacon18","37","-82","2023-04-15 22:56:04","sa6"
"6788","1193","beacon15","37","-86","2023-04-15 22:56:04","sa6"
"6789","1193","beacon16","37","-80","2023-04-15 22:56:04","sa6"
"6790","1193","beacon19","37","-93","2023-04-15 22:56:04","sa6"
"6791","1193","beacon14","37","-95","2023-04-15 22:56:05","sa6"
"6792","1193","beacon17","37","-95","2023-04-15 22:56:05","sa6"
"6793","1194","beacon17","37","-93","2023-04-15 22:56:10","sa6"
"6794","1194","beacon18","37","-87","2023-04-15 22:56:10","sa6"
"6795","1194","beacon15","37","-97","2023-04-15 22:56:10","sa6"
"6796","1194","beacon16","37","-82","2023-04-15 22:56:10","sa6"
"6797","1194","beacon19","38","-92","2023-04-15 22:56:10","sa6"
"6798","1194","beacon14","37","-99","2023-04-15 22:56:11","sa6"
"6799","1195","beacon16","38","-94","2023-04-15 22:56:38","sa7"
"6800","1195","beacon18","37","-89","2023-04-15 22:56:38","sa7"
"6801","1195","beacon14","37","-98","2023-04-15 22:56:38","sa7"
"6802","1195","beacon15","37","-89","2023-04-15 22:56:38","sa7"
"6803","1195","beacon17","37","-95","2023-04-15 22:56:38","sa7"
"6804","1195","beacon19","37","-95","2023-04-15 22:56:39","sa7"
"6805","1196","beacon14","37","-98","2023-04-15 22:56:44","sa7"
"6806","1196","beacon18","37","-90","2023-04-15 22:56:44","sa7"
"6807","1196","beacon15","37","-89","2023-04-15 22:56:44","sa7"
"6808","1196","beacon16","39","-82","2023-04-15 22:56:44","sa7"
"6809","1196","beacon14","38","-92","2023-04-15 22:56:44","sa7"
"6810","1196","beacon18","38","-88","2023-04-15 22:56:44","sa7"
"6811","1196","beacon15","38","-85","2023-04-15 22:56:44","sa7"
"6812","1196","beacon17","38","-94","2023-04-15 22:56:45","sa7"
"6813","1196","beacon19","38","-97","2023-04-15 22:56:45","sa7"
"6814","1197","beacon14","37","-95","2023-04-15 22:56:50","sa7"
"6815","1197","beacon18","37","-93","2023-04-15 22:56:50","sa7"
"6816","1197","beacon15","37","-99","2023-04-15 22:56:50","sa7"
"6817","1197","beacon17","37","-91","2023-04-15 22:56:50","sa7"
"6818","1197","beacon19","37","-97","2023-04-15 22:56:51","sa7"
"6819","1197","beacon16","37","-90","2023-04-15 22:56:51","sa7"
"6820","1198","beacon19","38","-94","2023-04-15 22:56:56","sa7"
"6821","1198","beacon16","38","-93","2023-04-15 22:56:56","sa7"
"6822","1198","beacon14","38","-99","2023-04-15 22:56:56","sa7"
"6823","1198","beacon18","38","-92","2023-04-15 22:56:56","sa7"
"6824","1198","beacon17","38","-90","2023-04-15 22:56:57","sa7"
"6825","1198","beacon15","38","-100","2023-04-15 22:56:57","sa7"
"6826","1199","beacon15","39","-83","2023-04-15 22:57:02","sa7"
"6827","1199","beacon16","39","-80","2023-04-15 22:57:02","sa7"
"6828","1199","beacon18","38","-97","2023-04-15 22:57:02","sa7"
"6829","1199","beacon14","38","-91","2023-04-15 22:57:02","sa7"
"6830","1199","beacon19","37","-99","2023-04-15 22:57:02","sa7"
"6831","1199","beacon17","37","-95","2023-04-15 22:57:02","sa7"
"6832","1200","beacon19","37","-95","2023-04-15 22:57:30","sa8"
"6833","1200","beacon16","37","-82","2023-04-15 22:57:30","sa8"
"6834","1200","beacon15","38","-86","2023-04-15 22:57:30","sa8"
"6835","1200","beacon17","38","-82","2023-04-15 22:57:30","sa8"
"6836","1200","beacon14","37","-102","2023-04-15 22:57:30","sa8"
"6837","1200","beacon18","37","-89","2023-04-15 22:57:31","sa8"
"6838","1201","beacon17","38","-91","2023-04-15 22:57:36","sa8"
"6839","1201","beacon18","37","-92","2023-04-15 22:57:36","sa8"
"6840","1201","beacon16","38","-80","2023-04-15 22:57:36","sa8"
"6841","1201","beacon15","37","-93","2023-04-15 22:57:36","sa8"
"6842","1201","beacon19","37","-100","2023-04-15 22:57:37","sa8"
"6843","1201","beacon14","37","-100","2023-04-15 22:57:38","sa8"
"6844","1202","beacon14","37","-98","2023-04-15 22:57:42","sa8"
"6845","1202","beacon19","38","-98","2023-04-15 22:57:42","sa8"
"6846","1202","beacon16","38","-81","2023-04-15 22:57:42","sa8"
"6847","1202","beacon17","37","-89","2023-04-15 22:57:43","sa8"
"6848","1202","beacon15","37","-96","2023-04-15 22:57:43","sa8"
"6849","1202","beacon18","38","-93","2023-04-15 22:57:43","sa8"
"6850","1203","beacon16","37","-82","2023-04-15 22:57:50","sa8"
"6851","1203","beacon14","37","-101","2023-04-15 22:57:50","sa8"
"6852","1203","beacon19","38","-94","2023-04-15 22:57:50","sa8"
"6853","1203","beacon17","39","-90","2023-04-15 22:57:50","sa8"
"6854","1203","beacon18","37","-87","2023-04-15 22:57:50","sa8"
"6855","1203","beacon15","37","-95","2023-04-15 22:57:50","sa8"
"6856","1204","beacon15","38","-97","2023-04-15 22:57:55","sa8"
"6857","1204","beacon17","38","-86","2023-04-15 22:57:55","sa8"
"6858","1204","beacon16","38","-84","2023-04-15 22:57:55","sa8"
"6859","1204","beacon19","38","-101","2023-04-15 22:57:55","sa8"
"6860","1204","beacon18","37","-88","2023-04-15 22:57:55","sa8"
"6861","1204","beacon14","38","-97","2023-04-15 22:57:55","sa8"
"6862","1205","beacon15","37","-88","2023-04-15 22:58:22","sa9"
"6863","1205","beacon18","38","-80","2023-04-15 22:58:22","sa9"
"6864","1205","beacon17","38","-95","2023-04-15 22:58:22","sa9"
"6865","1205","beacon19","38","-87","2023-04-15 22:58:23","sa9"
"6866","1205","beacon14","38","-95","2023-04-15 22:58:25","sa9"
"6867","1205","beacon16","37","-85","2023-04-15 22:58:25","sa9"
"6868","1206","beacon15","37","-89","2023-04-15 22:58:29","sa9"
"6869","1206","beacon17","37","-97","2023-04-15 22:58:29","sa9"
"6870","1206","beacon19","37","-93","2023-04-15 22:58:29","sa9"
"6871","1206","beacon18","38","-97","2023-04-15 22:58:29","sa9"
"6872","1206","beacon16","37","-91","2023-04-15 22:58:29","sa9"
"6873","1206","beacon16","39","-85","2023-04-15 22:58:29","sa9"
"6874","1206","beacon17","37","-99","2023-04-15 22:58:29","sa9"
"6875","1206","beacon19","37","-96","2023-04-15 22:58:30","sa9"
"6876","1206","beacon15","38","-91","2023-04-15 22:58:30","sa9"
"6877","1206","beacon18","37","-86","2023-04-15 22:58:30","sa9"
"6878","1206","beacon14","38","-100","2023-04-15 22:58:32","sa9"
"6879","1207","beacon15","38","-92","2023-04-15 22:58:34","sa9"
"6880","1207","beacon17","38","-95","2023-04-15 22:58:34","sa9"
"6881","1207","beacon16","37","-89","2023-04-15 22:58:34","sa9"
"6882","1207","beacon14","37","-100","2023-04-15 22:58:35","sa9"
"6883","1207","beacon19","38","-89","2023-04-15 22:58:35","sa9"
"6884","1207","beacon18","37","-83","2023-04-15 22:58:35","sa9"
"6885","1208","beacon15","37","-87","2023-04-15 22:58:40","sa9"
"6886","1208","beacon19","37","-93","2023-04-15 22:58:40","sa9"
"6887","1208","beacon16","37","-92","2023-04-15 22:58:40","sa9"
"6888","1208","beacon18","39","-83","2023-04-15 22:58:40","sa9"
"6889","1208","beacon14","38","-96","2023-04-15 22:58:41","sa9"
"6890","1208","beacon17","38","-99","2023-04-15 22:58:42","sa9"
"6891","1209","beacon15","37","-95","2023-04-15 22:58:46","sa9"
"6892","1209","beacon17","37","-96","2023-04-15 22:58:46","sa9"
"6893","1209","beacon18","38","-93","2023-04-15 22:58:46","sa9"
"6894","1209","beacon19","37","-94","2023-04-15 22:58:46","sa9"
"6895","1209","beacon16","37","-90","2023-04-15 22:58:46","sa9"
"6896","1210","beacon15","39","-87","2023-04-15 22:59:14","sa10"
"6897","1210","beacon18","37","-83","2023-04-15 22:59:14","sa10"
"6898","1210","beacon19","37","-94","2023-04-15 22:59:14","sa10"
"6899","1210","beacon17","38","-98","2023-04-15 22:59:15","sa10"
"6900","1210","beacon16","37","-86","2023-04-15 22:59:15","sa10"
"6901","1210","beacon14","37","-96","2023-04-15 22:59:16","sa10"
"6902","1211","beacon14","37","-100","2023-04-15 22:59:20","sa10"
"6903","1211","beacon18","37","-85","2023-04-15 22:59:20","sa10"
"6904","1211","beacon15","37","-93","2023-04-15 22:59:20","sa10"
"6905","1211","beacon17","37","-104","2023-04-15 22:59:20","sa10"
"6906","1211","beacon19","37","-95","2023-04-15 22:59:20","sa10"
"6907","1211","beacon16","37","-81","2023-04-15 22:59:21","sa10"
"6908","1212","beacon18","37","-83","2023-04-15 22:59:26","sa10"
"6909","1212","beacon16","38","-92","2023-04-15 22:59:26","sa10"
"6910","1212","beacon15","37","-96","2023-04-15 22:59:26","sa10"
"6911","1212","beacon17","38","-93","2023-04-15 22:59:27","sa10"
"6912","1212","beacon19","37","-101","2023-04-15 22:59:27","sa10"
"6913","1213","beacon18","37","-83","2023-04-15 22:59:32","sa10"
"6914","1213","beacon17","37","-95","2023-04-15 22:59:32","sa10"
"6915","1213","beacon19","37","-92","2023-04-15 22:59:32","sa10"
"6916","1213","beacon16","37","-85","2023-04-15 22:59:33","sa10"
"6917","1213","beacon15","39","-87","2023-04-15 22:59:33","sa10"
"6918","1213","beacon14","37","-99","2023-04-15 22:59:33","sa10"
"6919","1214","beacon18","37","-79","2023-04-15 22:59:38","sa10"
"6920","1214","beacon15","37","-89","2023-04-15 22:59:38","sa10"
"6921","1214","beacon16","39","-84","2023-04-15 22:59:38","sa10"
"6922","1214","beacon14","38","-93","2023-04-15 22:59:38","sa10"
"6923","1214","beacon19","37","-94","2023-04-15 22:59:39","sa10"
"6924","1214","beacon17","38","-99","2023-04-15 22:59:39","sa10"
"6925","1215","beacon16","37","-81","2023-04-15 23:00:06","sa11"
"6926","1215","beacon17","38","-98","2023-04-15 23:00:06","sa11"
"6927","1215","beacon15","39","-85","2023-04-15 23:00:06","sa11"
"6928","1215","beacon19","38","-95","2023-04-15 23:00:06","sa11"
"6929","1215","beacon14","38","-92","2023-04-15 23:00:06","sa11"
"6930","1215","beacon18","37","-87","2023-04-15 23:00:07","sa11"
"6931","1216","beacon16","37","-82","2023-04-15 23:00:12","sa11"
"6932","1216","beacon18","39","-79","2023-04-15 23:00:12","sa11"
"6933","1216","beacon15","39","-81","2023-04-15 23:00:12","sa11"
"6934","1216","beacon14","38","-90","2023-04-15 23:00:13","sa11"
"6935","1216","beacon19","37","-95","2023-04-15 23:00:13","sa11"
"6936","1216","beacon17","37","-90","2023-04-15 23:00:13","sa11"
"6937","1216","beacon19","37","-92","2023-04-15 23:00:15","sa11"
"6938","1216","beacon17","37","-86","2023-04-15 23:00:15","sa11"
"6939","1216","beacon18","38","-83","2023-04-15 23:00:15","sa11"
"6940","1216","beacon15","38","-93","2023-04-15 23:00:15","sa11"
"6941","1216","beacon16","38","-83","2023-04-15 23:00:15","sa11"
"6942","1216","beacon14","37","-90","2023-04-15 23:00:15","sa11"
"6943","1217","beacon16","37","-82","2023-04-15 23:00:18","sa11"
"6944","1217","beacon19","38","-94","2023-04-15 23:00:18","sa11"
"6945","1217","beacon17","38","-95","2023-04-15 23:00:18","sa11"
"6946","1217","beacon15","39","-89","2023-04-15 23:00:18","sa11"
"6947","1217","beacon14","37","-94","2023-04-15 23:00:18","sa11"
"6948","1217","beacon18","37","-83","2023-04-15 23:00:18","sa11"
"6949","1217","beacon13","37","-100","2023-04-15 23:00:20","sa11"
"6950","1218","beacon16","37","-81","2023-04-15 23:00:24","sa11"
"6951","1218","beacon14","37","-92","2023-04-15 23:00:24","sa11"
"6952","1218","beacon18","37","-78","2023-04-15 23:00:24","sa11"
"6953","1218","beacon15","37","-86","2023-04-15 23:00:24","sa11"
"6954","1218","beacon17","37","-94","2023-04-15 23:00:25","sa11"
"6955","1218","beacon19","37","-96","2023-04-15 23:00:25","sa11"
"6956","1219","beacon18","39","-80","2023-04-15 23:00:32","sa11"
"6957","1219","beacon15","39","-80","2023-04-15 23:00:32","sa11"
"6958","1219","beacon14","37","-93","2023-04-15 23:00:32","sa11"
"6959","1219","beacon19","38","-90","2023-04-15 23:00:32","sa11"
"6960","1219","beacon13","37","-96","2023-04-15 23:00:32","sa11"
"6961","1219","beacon16","38","-81","2023-04-15 23:00:32","sa11"
"6962","1219","beacon17","37","-91","2023-04-15 23:00:32","sa11"
"6963","1220","beacon17","37","-85","2023-04-15 23:00:58","sa12"
"6964","1220","beacon18","38","-87","2023-04-15 23:00:58","sa12"
"6965","1220","beacon15","38","-85","2023-04-15 23:00:58","sa12"
"6966","1220","beacon16","38","-96","2023-04-15 23:00:58","sa12"
"6967","1220","beacon19","37","-92","2023-04-15 23:01:00","sa12"
"6968","1220","beacon14","37","-100","2023-04-15 23:01:00","sa12"
"6969","1221","beacon19","37","-95","2023-04-15 23:01:04","sa12"
"6970","1221","beacon15","38","-86","2023-04-15 23:01:04","sa12"
"6971","1221","beacon18","38","-89","2023-04-15 23:01:04","sa12"
"6972","1221","beacon17","38","-94","2023-04-15 23:01:04","sa12"
"6973","1221","beacon16","38","-85","2023-04-15 23:01:05","sa12"
"6974","1221","beacon14","38","-102","2023-04-15 23:01:05","sa12"
"6975","1222","beacon17","37","-98","2023-04-15 23:01:10","sa12"
"6976","1222","beacon15","38","-87","2023-04-15 23:01:10","sa12"
"6977","1222","beacon16","38","-92","2023-04-15 23:01:11","sa12"
"6978","1222","beacon19","38","-96","2023-04-15 23:01:11","sa12"
"6979","1222","beacon18","37","-89","2023-04-15 23:01:11","sa12"
"6980","1222","beacon14","37","-98","2023-04-15 23:01:12","sa12"
"6981","1223","beacon19","37","-94","2023-04-15 23:01:16","sa12"
"6982","1223","beacon16","37","-93","2023-04-15 23:01:16","sa12"
"6983","1223","beacon18","38","-87","2023-04-15 23:01:16","sa12"
"6984","1223","beacon15","38","-85","2023-04-15 23:01:16","sa12"
"6985","1223","beacon14","38","-99","2023-04-15 23:01:17","sa12"
"6986","1223","beacon17","37","-90","2023-04-15 23:01:17","sa12"
"6987","1224","beacon16","37","-84","2023-04-15 23:01:22","sa12"
"6988","1224","beacon17","37","-93","2023-04-15 23:01:22","sa12"
"6989","1224","beacon15","38","-92","2023-04-15 23:01:22","sa12"
"6990","1224","beacon18","38","-86","2023-04-15 23:01:22","sa12"
"6991","1224","beacon14","38","-99","2023-04-15 23:01:23","sa12"
"6992","1224","beacon19","37","-99","2023-04-15 23:01:23","sa12"
"6993","1225","beacon18","37","-83","2023-04-15 23:01:50","sa13"
"6994","1225","beacon17","37","-96","2023-04-15 23:01:50","sa13"
"6995","1225","beacon19","37","-86","2023-04-15 23:01:50","sa13"
"6996","1225","beacon15","38","-97","2023-04-15 23:01:51","sa13"
"6997","1225","beacon16","37","-89","2023-04-15 23:01:51","sa13"
"6998","1225","beacon14","37","-100","2023-04-15 23:01:51","sa13"
"6999","1226","beacon15","37","-90","2023-04-15 23:01:56","sa13"
"7000","1226","beacon18","37","-79","2023-04-15 23:01:56","sa13"
"7001","1226","beacon14","38","-98","2023-04-15 23:01:56","sa13"
"7002","1226","beacon17","37","-92","2023-04-15 23:01:56","sa13"
"7003","1226","beacon16","37","-88","2023-04-15 23:01:57","sa13"
"7004","1226","beacon19","37","-82","2023-04-15 23:01:57","sa13"
"7005","1226","beacon19","37","-83","2023-04-15 23:02:00","sa13"
"7006","1226","beacon16","37","-88","2023-04-15 23:02:00","sa13"
"7007","1227","beacon19","39","-83","2023-04-15 23:02:02","sa13"
"7008","1227","beacon18","38","-81","2023-04-15 23:02:02","sa13"
"7009","1227","beacon14","38","-95","2023-04-15 23:02:02","sa13"
"7010","1227","beacon15","38","-95","2023-04-15 23:02:02","sa13"
"7011","1227","beacon16","37","-94","2023-04-15 23:02:03","sa13"
"7012","1227","beacon17","38","-107","2023-04-15 23:02:03","sa13"
"7013","1228","beacon18","37","-83","2023-04-15 23:02:08","sa13"
"7014","1228","beacon19","39","-86","2023-04-15 23:02:08","sa13"
"7015","1228","beacon14","38","-102","2023-04-15 23:02:08","sa13"
"7016","1228","beacon15","38","-91","2023-04-15 23:02:09","sa13"
"7017","1228","beacon17","38","-98","2023-04-15 23:02:09","sa13"
"7018","1228","beacon16","37","-90","2023-04-15 23:02:10","sa13"
"7019","1229","beacon18","37","-88","2023-04-15 23:02:14","sa13"
"7020","1229","beacon15","37","-90","2023-04-15 23:02:14","sa13"
"7021","1229","beacon17","37","-91","2023-04-15 23:02:14","sa13"
"7022","1229","beacon14","38","-97","2023-04-15 23:02:14","sa13"
"7023","1229","beacon19","37","-82","2023-04-15 23:02:14","sa13"
"7024","1229","beacon16","37","-95","2023-04-15 23:02:15","sa13"
"7025","1230","beacon15","39","-82","2023-04-15 23:02:42","sa14"
"7026","1230","beacon18","39","-82","2023-04-15 23:02:42","sa14"
"7027","1230","beacon16","38","-88","2023-04-15 23:02:42","sa14"
"7028","1230","beacon14","38","-96","2023-04-15 23:02:43","sa14"
"7029","1230","beacon17","37","-93","2023-04-15 23:02:43","sa14"
"7030","1230","beacon19","37","-89","2023-04-15 23:02:43","sa14"
"7031","1231","beacon14","38","-100","2023-04-15 23:02:49","sa14"
"7032","1231","beacon18","37","-80","2023-04-15 23:02:49","sa14"
"7033","1231","beacon15","37","-80","2023-04-15 23:02:49","sa14"
"7034","1231","beacon17","37","-95","2023-04-15 23:02:49","sa14"
"7035","1231","beacon19","37","-98","2023-04-15 23:02:49","sa14"
"7036","1231","beacon16","37","-88","2023-04-15 23:02:49","sa14"
"7037","1232","beacon16","38","-89","2023-04-15 23:02:54","sa14"
"7038","1232","beacon18","37","-80","2023-04-15 23:02:54","sa14"
"7039","1232","beacon14","38","-100","2023-04-15 23:02:55","sa14"
"7040","1232","beacon15","38","-86","2023-04-15 23:02:55","sa14"
"7041","1232","beacon19","37","-89","2023-04-15 23:02:55","sa14"
"7042","1232","beacon17","37","-92","2023-04-15 23:02:57","sa14"
"7043","1233","beacon15","39","-77","2023-04-15 23:03:00","sa14"
"7044","1233","beacon14","37","-96","2023-04-15 23:03:00","sa14"
"7045","1233","beacon18","39","-82","2023-04-15 23:03:00","sa14"
"7046","1233","beacon16","39","-83","2023-04-15 23:03:01","sa14"
"7047","1233","beacon19","39","-88","2023-04-15 23:03:01","sa14"
"7048","1233","beacon17","37","-97","2023-04-15 23:03:01","sa14"
"7049","1233","beacon13","38","-104","2023-04-15 23:03:03","sa14"
"7050","1234","beacon14","37","-96","2023-04-15 23:03:06","sa14"
"7051","1234","beacon18","37","-78","2023-04-15 23:03:06","sa14"
"7052","1234","beacon16","38","-86","2023-04-15 23:03:06","sa14"
"7053","1234","beacon15","37","-88","2023-04-15 23:03:07","sa14"
"7054","1234","beacon19","37","-88","2023-04-15 23:03:07","sa14"
"7055","1234","beacon17","38","-97","2023-04-15 23:03:07","sa14"
"7056","1235","beacon19","37","-88","2023-04-15 23:03:34","sa15"
"7057","1235","beacon15","38","-85","2023-04-15 23:03:34","sa15"
"7058","1235","beacon18","38","-83","2023-04-15 23:03:34","sa15"
"7059","1235","beacon17","38","-92","2023-04-15 23:03:34","sa15"
"7060","1235","beacon14","39","-83","2023-04-15 23:03:34","sa15"
"7061","1235","beacon16","37","-83","2023-04-15 23:03:34","sa15"
"7062","1236","beacon16","37","-84","2023-04-15 23:03:40","sa15"
"7063","1236","beacon15","38","-77","2023-04-15 23:03:40","sa15"
"7064","1236","beacon17","38","-85","2023-04-15 23:03:40","sa15"
"7065","1236","beacon18","39","-82","2023-04-15 23:03:40","sa15"
"7066","1236","beacon19","38","-91","2023-04-15 23:03:41","sa15"
"7067","1236","beacon14","38","-87","2023-04-15 23:03:41","sa15"
"7068","1237","beacon19","37","-92","2023-04-15 23:03:46","sa15"
"7069","1237","beacon16","37","-86","2023-04-15 23:03:46","sa15"
"7070","1237","beacon14","39","-84","2023-04-15 23:03:46","sa15"
"7071","1237","beacon15","38","-79","2023-04-15 23:03:47","sa15"
"7072","1237","beacon17","38","-94","2023-04-15 23:03:47","sa15"
"7073","1237","beacon18","37","-83","2023-04-15 23:03:47","sa15"
"7074","1237","beacon17","37","-91","2023-04-15 23:03:47","sa15"
"7075","1237","beacon15","37","-78","2023-04-15 23:03:47","sa15"
"7076","1237","beacon19","37","-92","2023-04-15 23:03:47","sa15"
"7077","1237","beacon16","37","-87","2023-04-15 23:03:48","sa15"
"7078","1237","beacon14","37","-90","2023-04-15 23:03:48","sa15"
"7079","1237","beacon18","37","-98","2023-04-15 23:03:48","sa15"
"7080","1238","beacon19","37","-89","2023-04-15 23:03:52","sa15"
"7081","1238","beacon16","37","-87","2023-04-15 23:03:52","sa15"
"7082","1238","beacon18","38","-78","2023-04-15 23:03:52","sa15"
"7083","1238","beacon17","38","-85","2023-04-15 23:03:52","sa15"
"7084","1238","beacon15","38","-80","2023-04-15 23:03:52","sa15"
"7085","1238","beacon14","37","-91","2023-04-15 23:03:53","sa15"
"7086","1239","beacon17","38","-91","2023-04-15 23:03:58","sa15"
"7087","1239","beacon19","38","-89","2023-04-15 23:03:58","sa15"
"7088","1239","beacon15","39","-79","2023-04-15 23:03:59","sa15"
"7089","1239","beacon18","37","-97","2023-04-15 23:03:59","sa15"
"7090","1239","beacon14","37","-89","2023-04-15 23:03:59","sa15"
"7091","1239","beacon16","38","-89","2023-04-15 23:04:00","sa15"
